-- MySQL dump 10.13  Distrib 8.0.21, for Linux (x86_64)
--
-- Host: localhost    Database: vk
-- ------------------------------------------------------
-- Server version	8.0.21-0ubuntu0.20.04.4

/*!40101 SET @OLD_CHARACTER_SET_CLIENT=@@CHARACTER_SET_CLIENT */;
/*!40101 SET @OLD_CHARACTER_SET_RESULTS=@@CHARACTER_SET_RESULTS */;
/*!40101 SET @OLD_COLLATION_CONNECTION=@@COLLATION_CONNECTION */;
/*!50503 SET NAMES utf8mb4 */;
/*!40103 SET @OLD_TIME_ZONE=@@TIME_ZONE */;
/*!40103 SET TIME_ZONE='+00:00' */;
/*!40014 SET @OLD_UNIQUE_CHECKS=@@UNIQUE_CHECKS, UNIQUE_CHECKS=0 */;
/*!40014 SET @OLD_FOREIGN_KEY_CHECKS=@@FOREIGN_KEY_CHECKS, FOREIGN_KEY_CHECKS=0 */;
/*!40101 SET @OLD_SQL_MODE=@@SQL_MODE, SQL_MODE='NO_AUTO_VALUE_ON_ZERO' */;
/*!40111 SET @OLD_SQL_NOTES=@@SQL_NOTES, SQL_NOTES=0 */;

--
-- Table structure for table `communities`
--

DROP TABLE IF EXISTS `communities`;
/*!40101 SET @saved_cs_client     = @@character_set_client */;
/*!50503 SET character_set_client = utf8mb4 */;
CREATE TABLE `communities` (
  `id` int unsigned NOT NULL AUTO_INCREMENT COMMENT 'Идентификатор сроки',
  `name` varchar(150) CHARACTER SET utf8 COLLATE utf8_unicode_ci NOT NULL COMMENT 'Название группы',
  `created_at` datetime DEFAULT CURRENT_TIMESTAMP COMMENT 'Время создания строки',
  `updated_at` datetime DEFAULT CURRENT_TIMESTAMP ON UPDATE CURRENT_TIMESTAMP COMMENT 'Время обновления строки',
  PRIMARY KEY (`id`),
  UNIQUE KEY `name` (`name`)
) ENGINE=InnoDB AUTO_INCREMENT=101 DEFAULT CHARSET=utf8 COLLATE=utf8_unicode_ci COMMENT='Группы';
/*!40101 SET character_set_client = @saved_cs_client */;

--
-- Dumping data for table `communities`
--

LOCK TABLES `communities` WRITE;
/*!40000 ALTER TABLE `communities` DISABLE KEYS */;
INSERT INTO `communities` VALUES (1,'quaerat','2018-07-17 12:10:33','2020-09-11 03:18:45'),(2,'nisi','2013-09-04 08:46:27','2019-04-06 13:14:04'),(3,'iure','2012-01-03 14:19:00','2017-04-01 11:11:28'),(4,'ea','2017-09-29 05:07:49','2020-09-11 03:18:45'),(5,'quas','2014-10-06 01:53:31','2020-09-11 03:18:45'),(6,'sit','2014-03-04 05:40:18','2020-09-11 03:18:45'),(7,'enim','2013-08-19 17:54:13','2018-11-27 02:52:46'),(8,'et','2010-10-02 02:08:30','2018-12-05 08:38:28'),(9,'ab','2010-09-30 05:24:23','2012-04-07 02:03:23'),(10,'perferendis','2020-06-03 16:55:14','2020-09-11 03:18:45'),(11,'est','2012-06-21 14:07:29','2020-08-07 15:01:41'),(12,'hic','2012-02-16 05:19:51','2019-11-15 14:36:51'),(13,'corporis','2017-08-23 16:38:07','2020-09-11 03:18:45'),(14,'minus','2010-11-10 01:57:42','2016-11-17 13:09:06'),(15,'delectus','2015-05-29 09:21:07','2019-10-26 10:20:53'),(16,'illum','2016-11-11 12:50:13','2020-09-11 03:18:45'),(17,'sint','2020-07-17 02:10:34','2020-09-11 03:18:45'),(18,'nam','2014-05-25 09:00:07','2020-08-17 08:12:24'),(19,'eos','2016-07-25 09:34:13','2017-08-29 17:47:00'),(20,'nesciunt','2018-06-03 14:29:38','2020-09-11 03:18:45');
/*!40000 ALTER TABLE `communities` ENABLE KEYS */;
UNLOCK TABLES;

--
-- Table structure for table `communities_users`
--

DROP TABLE IF EXISTS `communities_users`;
/*!40101 SET @saved_cs_client     = @@character_set_client */;
/*!50503 SET character_set_client = utf8mb4 */;
CREATE TABLE `communities_users` (
  `community_id` int unsigned NOT NULL COMMENT 'Ссылка на группу',
  `user_id` int unsigned NOT NULL COMMENT 'Ссылка на пользователя',
  `created_at` datetime DEFAULT CURRENT_TIMESTAMP COMMENT 'Время создания строки',
  PRIMARY KEY (`community_id`,`user_id`) COMMENT 'Составной первичный ключ'
) ENGINE=InnoDB DEFAULT CHARSET=utf8 COLLATE=utf8_unicode_ci COMMENT='Участники групп, связь между пользователями и группами';
/*!40101 SET character_set_client = @saved_cs_client */;

--
-- Dumping data for table `communities_users`
--

LOCK TABLES `communities_users` WRITE;
/*!40000 ALTER TABLE `communities_users` DISABLE KEYS */;
INSERT INTO `communities_users` VALUES (1,1,'2018-05-06 11:49:44'),(1,34,'2015-09-15 02:43:13'),(1,58,'2013-10-01 01:58:29'),(1,88,'2018-05-12 22:18:24'),(2,13,'2012-01-05 06:53:45'),(2,18,'2016-10-25 00:05:09'),(2,51,'2014-02-16 16:52:14'),(2,85,'2012-04-02 09:35:29'),(3,3,'2015-04-11 14:43:16'),(3,35,'2019-07-03 08:06:44'),(3,64,'2016-07-29 17:14:35'),(3,76,'2018-12-26 13:19:22'),(3,87,'2017-09-23 05:13:58'),(3,100,'2019-12-12 22:31:53'),(4,29,'2017-10-23 17:49:52'),(4,49,'2014-02-15 20:20:09'),(4,85,'2019-07-02 19:57:55'),(5,39,'2014-01-07 07:21:15'),(5,60,'2019-10-18 15:50:23'),(6,29,'2013-07-26 15:36:52'),(6,35,'2015-08-17 15:30:54'),(6,43,'2014-09-01 20:00:24'),(6,77,'2012-06-02 06:24:30'),(6,80,'2016-06-17 13:54:10'),(6,82,'2020-02-28 01:05:44'),(6,87,'2017-08-17 15:22:37'),(7,14,'2013-08-13 15:50:23'),(7,37,'2013-11-17 11:31:04'),(7,39,'2018-06-23 14:37:49'),(7,55,'2018-04-12 14:04:36'),(7,66,'2016-07-10 17:07:37'),(7,83,'2013-04-22 21:21:20'),(7,93,'2019-09-04 15:51:14'),(7,94,'2011-12-11 08:17:58'),(7,95,'2019-01-06 14:23:47'),(8,33,'2018-11-08 05:50:22'),(8,65,'2014-01-10 16:38:06'),(8,88,'2015-03-27 22:25:36'),(8,100,'2012-11-26 18:21:48'),(9,20,'2016-08-12 08:36:15'),(9,52,'2014-04-02 06:28:45'),(9,58,'2012-03-08 14:09:34'),(9,74,'2014-06-25 05:25:30'),(10,17,'2020-04-03 23:26:06'),(10,52,'2011-07-28 06:06:19'),(10,79,'2014-06-22 11:32:51'),(10,88,'2012-10-24 18:15:29'),(11,43,'2012-01-24 23:53:49'),(11,64,'2013-06-17 09:41:52'),(11,78,'2014-01-25 16:43:49'),(11,96,'2020-03-10 11:08:31'),(12,6,'2015-07-03 07:31:40'),(12,56,'2012-06-07 17:37:13'),(12,59,'2014-07-13 19:11:46'),(12,88,'2019-11-24 11:16:05'),(12,97,'2011-09-02 15:49:30'),(13,3,'2019-05-25 12:33:38'),(13,11,'2019-08-25 10:33:00'),(13,47,'2012-07-04 21:19:14'),(13,48,'2011-06-21 00:19:47'),(13,70,'2014-01-16 04:05:23'),(13,86,'2013-02-17 10:02:53'),(14,21,'2017-06-14 21:39:24'),(14,44,'2013-01-21 15:45:41'),(14,67,'2012-11-01 15:22:46'),(14,82,'2012-10-10 09:15:48'),(14,85,'2011-04-02 15:53:08'),(14,90,'2017-03-05 22:43:15'),(14,98,'2017-04-05 03:48:49'),(14,100,'2011-11-11 17:49:51'),(15,17,'2011-06-30 20:48:46'),(15,47,'2020-07-24 03:29:57'),(15,87,'2018-01-11 02:01:08'),(15,91,'2015-08-12 17:51:51'),(16,17,'2012-09-28 02:35:00'),(16,18,'2020-02-03 04:34:21'),(16,58,'2015-10-01 11:14:45'),(16,61,'2016-03-05 15:05:08'),(16,67,'2016-09-28 12:26:39'),(16,68,'2016-08-14 07:46:54'),(16,90,'2017-03-22 14:46:16'),(17,7,'2014-10-04 06:55:36'),(17,44,'2015-06-01 08:14:18'),(17,81,'2012-09-11 09:29:01'),(18,5,'2015-04-12 19:14:49'),(18,17,'2018-03-19 13:07:08'),(18,50,'2020-01-11 02:55:44'),(18,82,'2013-07-10 23:01:04'),(18,85,'2016-06-23 04:56:32'),(19,33,'2017-11-07 05:52:26'),(19,40,'2017-08-17 12:35:09'),(19,57,'2015-09-18 05:39:14'),(20,17,'2020-02-29 19:58:59'),(20,38,'2016-09-10 22:02:02'),(20,45,'2011-02-21 03:02:47'),(20,57,'2019-10-25 16:43:03'),(20,74,'2015-08-11 08:20:40'),(20,93,'2015-08-04 19:22:59'),(20,99,'2013-04-09 06:45:26'),(20,100,'2015-10-29 22:37:28');
/*!40000 ALTER TABLE `communities_users` ENABLE KEYS */;
UNLOCK TABLES;

--
-- Table structure for table `friendship_statuses`
--

DROP TABLE IF EXISTS `friendship_statuses`;
/*!40101 SET @saved_cs_client     = @@character_set_client */;
/*!50503 SET character_set_client = utf8mb4 */;
CREATE TABLE `friendship_statuses` (
  `id` int unsigned NOT NULL AUTO_INCREMENT COMMENT 'Идентификатор строки',
  `name` varchar(150) CHARACTER SET utf8 COLLATE utf8_unicode_ci NOT NULL COMMENT 'Название статуса',
  `created_at` datetime DEFAULT CURRENT_TIMESTAMP COMMENT 'Время создания строки',
  `updated_at` datetime DEFAULT CURRENT_TIMESTAMP ON UPDATE CURRENT_TIMESTAMP COMMENT 'Время обновления строки',
  PRIMARY KEY (`id`),
  UNIQUE KEY `name` (`name`)
) ENGINE=InnoDB AUTO_INCREMENT=4 DEFAULT CHARSET=utf8 COLLATE=utf8_unicode_ci COMMENT='Статусы дружбы';
/*!40101 SET character_set_client = @saved_cs_client */;

--
-- Dumping data for table `friendship_statuses`
--

LOCK TABLES `friendship_statuses` WRITE;
/*!40000 ALTER TABLE `friendship_statuses` DISABLE KEYS */;
INSERT INTO `friendship_statuses` VALUES (1,'Requested','2015-05-12 16:15:48','2020-09-11 03:15:48'),(2,'Confirmed','2012-03-20 22:30:48','2020-09-11 03:16:08'),(3,'Rejected','2011-03-14 03:47:10','2020-09-11 03:16:12');
/*!40000 ALTER TABLE `friendship_statuses` ENABLE KEYS */;
UNLOCK TABLES;

--
-- Table structure for table `friendships`
--

DROP TABLE IF EXISTS `friendships`;
/*!40101 SET @saved_cs_client     = @@character_set_client */;
/*!50503 SET character_set_client = utf8mb4 */;
CREATE TABLE `friendships` (
  `user_id` int unsigned NOT NULL COMMENT 'Ссылка на инициатора дружеских отношений',
  `friend_id` int unsigned NOT NULL COMMENT 'Ссылка на получателя приглашения дружить',
  `status_id` int unsigned NOT NULL COMMENT 'Ссылка на статус (текущее состояние) отношений',
  `requested_at` datetime DEFAULT CURRENT_TIMESTAMP COMMENT 'Время отправления приглашения дружить',
  `confirmed_at` datetime DEFAULT NULL COMMENT 'Время подтверждения приглашения',
  `created_at` datetime DEFAULT CURRENT_TIMESTAMP COMMENT 'Время создания строки',
  `updated_at` datetime DEFAULT CURRENT_TIMESTAMP ON UPDATE CURRENT_TIMESTAMP COMMENT 'Время обновления строки',
  PRIMARY KEY (`user_id`,`friend_id`) COMMENT 'Составной первичный ключ'
) ENGINE=InnoDB DEFAULT CHARSET=utf8 COLLATE=utf8_unicode_ci COMMENT='Таблица дружбы';
/*!40101 SET character_set_client = @saved_cs_client */;

--
-- Dumping data for table `friendships`
--

LOCK TABLES `friendships` WRITE;
/*!40000 ALTER TABLE `friendships` DISABLE KEYS */;
INSERT INTO `friendships` VALUES (1,97,1,'2015-10-19 21:23:43','2020-09-11 03:10:46','2016-05-08 12:56:09','2020-09-11 03:10:46'),(2,81,2,'2017-05-24 16:36:03','2017-09-30 12:00:30','2015-12-24 18:01:39','2019-07-25 22:08:41'),(3,42,3,'2012-08-30 06:54:52','2015-07-19 01:51:25','2020-03-15 01:06:35','2020-09-11 03:08:54'),(4,79,1,'2011-04-26 08:42:07','2014-03-28 18:49:00','2019-04-14 20:16:13','2020-09-11 03:08:54'),(5,34,2,'2011-06-27 18:50:05','2018-03-01 03:26:24','2013-10-26 20:53:55','2020-09-11 03:08:54'),(6,67,3,'2020-05-07 03:14:34','2020-09-11 03:10:46','2018-10-02 03:09:29','2020-09-11 03:10:46'),(7,85,1,'2018-08-08 14:23:34','2019-06-25 07:48:58','2020-08-14 08:25:21','2020-09-11 03:08:54'),(8,10,2,'2017-02-17 06:03:16','2020-09-11 03:10:46','2012-05-14 18:21:05','2020-09-11 03:10:46'),(9,48,3,'2016-10-28 05:03:35','2018-02-14 01:26:31','2010-10-02 12:14:12','2016-12-21 10:17:35'),(10,2,1,'2013-09-12 03:08:21','2019-05-14 03:40:34','2020-08-11 14:15:40','2020-09-11 03:08:54'),(11,26,2,'2015-08-28 01:07:38','2020-09-11 03:10:46','2018-10-06 03:05:39','2020-09-11 03:10:46'),(12,99,3,'2012-08-28 16:07:08','2013-04-22 07:45:24','2012-07-31 14:02:56','2020-09-11 03:08:54'),(13,3,1,'2011-12-13 10:35:40','2020-09-11 03:10:46','2014-01-30 21:55:56','2020-09-11 03:10:46'),(14,100,2,'2016-07-02 14:10:08','2020-09-11 03:10:46','2017-02-15 10:00:03','2020-09-11 03:10:46'),(15,21,3,'2015-03-08 17:41:43','2016-12-03 13:28:44','2020-03-21 17:48:23','2020-09-11 03:08:54'),(16,37,1,'2011-06-15 11:06:10','2020-09-11 03:10:46','2011-06-12 15:20:12','2020-09-11 03:10:46'),(17,78,2,'2019-08-28 12:59:39','2020-09-11 03:10:46','2014-03-14 07:05:39','2020-09-11 03:10:46'),(18,38,3,'2017-02-20 21:45:47','2018-06-20 06:31:28','2017-04-27 07:14:10','2020-09-11 03:08:54'),(19,61,1,'2018-10-01 01:08:54','2020-09-11 03:10:46','2013-12-08 03:06:09','2020-09-11 03:10:46'),(20,95,2,'2012-08-05 19:33:22','2018-08-23 06:13:27','2012-05-15 11:31:46','2013-06-20 18:41:45'),(21,44,3,'2015-01-23 02:26:20','2019-04-26 13:55:00','2011-09-27 16:34:14','2015-07-07 03:41:40'),(22,33,1,'2019-11-22 17:05:56','2020-09-11 03:10:46','2010-11-28 05:26:09','2020-09-11 03:10:46'),(23,93,2,'2016-03-07 19:21:05','2019-07-01 03:29:18','2011-03-24 23:18:12','2015-02-10 16:16:46'),(24,5,3,'2017-06-20 00:04:41','2020-09-11 03:10:46','2013-07-26 10:42:14','2020-09-11 03:10:46'),(25,16,1,'2018-09-29 08:37:27','2020-09-11 03:10:46','2016-02-29 08:55:38','2020-09-11 03:10:46'),(26,69,2,'2019-04-17 09:42:42','2020-09-11 03:10:46','2012-07-09 05:38:41','2020-09-11 03:10:46'),(27,43,3,'2020-01-31 14:50:50','2020-09-11 03:10:46','2017-05-17 07:21:17','2020-09-11 03:10:46'),(28,7,1,'2013-09-30 05:42:32','2020-09-11 03:10:46','2020-08-09 17:46:00','2020-09-11 03:10:46'),(29,32,2,'2014-09-28 23:11:07','2020-09-04 05:32:09','2015-10-23 10:47:18','2020-09-11 03:08:54'),(30,47,3,'2018-10-10 17:09:42','2020-09-11 03:10:46','2018-05-22 06:01:22','2020-09-11 03:10:46'),(31,4,1,'2018-07-16 06:24:30','2019-03-18 11:02:35','2014-01-31 18:46:37','2020-09-11 03:08:54'),(32,71,2,'2010-09-11 11:13:02','2017-11-23 05:48:43','2012-06-11 01:03:45','2013-05-15 06:22:45'),(33,96,3,'2017-11-25 12:58:23','2020-09-11 03:10:46','2016-09-01 00:49:11','2020-09-11 03:10:46'),(34,8,1,'2011-07-08 22:08:27','2014-06-01 03:16:54','2014-04-03 16:23:49','2014-06-11 07:10:23'),(35,82,2,'2011-04-02 13:57:38','2015-05-29 16:00:11','2017-01-10 03:22:40','2020-09-11 03:08:54'),(36,64,3,'2012-10-20 09:57:45','2016-10-31 07:43:11','2011-12-28 10:38:57','2015-06-13 00:39:40'),(37,51,1,'2012-01-08 00:56:42','2020-09-11 03:10:46','2012-05-21 16:59:47','2020-09-11 03:10:46'),(38,39,2,'2018-01-14 15:13:17','2020-09-11 03:10:46','2015-06-04 17:38:58','2020-09-11 03:10:46'),(39,53,3,'2013-11-21 23:09:52','2019-08-25 06:58:33','2013-07-14 10:01:04','2019-03-23 15:37:51'),(40,84,1,'2017-05-05 01:53:57','2020-09-11 03:10:46','2017-03-25 00:59:05','2020-09-11 03:10:46'),(41,91,2,'2011-04-25 13:39:59','2015-04-09 19:30:18','2014-10-29 17:13:49','2015-07-21 16:25:49'),(42,54,3,'2015-04-23 14:31:32','2015-09-14 14:49:31','2013-04-30 22:17:19','2019-02-10 14:24:44'),(43,92,1,'2013-06-30 02:09:00','2020-09-11 03:10:46','2010-10-10 21:58:25','2020-09-11 03:10:46'),(44,35,2,'2011-08-29 14:27:36','2015-08-27 05:10:27','2011-11-17 04:18:22','2017-12-11 11:33:54'),(45,77,3,'2019-02-14 04:01:11','2020-09-11 03:10:46','2011-07-19 06:41:48','2020-09-11 03:10:46'),(46,90,1,'2019-02-26 11:51:31','2020-09-11 03:10:46','2011-10-09 15:51:44','2020-09-11 03:10:46'),(47,52,2,'2012-05-25 11:30:25','2020-06-02 17:27:36','2019-01-30 00:37:31','2020-09-11 03:08:54'),(48,9,3,'2013-01-02 08:10:44','2014-07-12 20:18:21','2014-11-09 19:52:50','2020-09-11 03:08:54'),(49,62,1,'2017-04-03 12:02:46','2020-09-11 03:10:46','2014-08-16 07:20:40','2020-09-11 03:10:46'),(50,14,2,'2013-03-27 00:58:00','2015-02-24 13:02:30','2018-07-28 17:03:18','2020-09-11 03:08:54'),(51,22,3,'2017-01-28 05:41:56','2017-12-31 19:04:14','2019-02-01 15:11:49','2020-09-11 03:08:54'),(52,88,1,'2013-07-19 20:46:32','2015-12-18 01:37:17','2017-02-10 08:14:35','2020-09-11 03:08:54'),(53,46,2,'2017-09-07 01:47:58','2020-09-11 03:10:46','2010-10-08 19:25:38','2020-09-11 03:10:46'),(54,68,3,'2011-12-17 06:34:00','2018-11-25 12:12:35','2020-05-15 22:48:15','2020-09-11 03:08:54'),(55,80,1,'2017-06-11 23:51:43','2020-09-11 03:10:46','2020-01-16 20:57:58','2020-09-11 03:10:46'),(56,83,2,'2014-01-06 11:42:48','2014-04-14 01:57:21','2019-11-23 21:54:21','2020-09-11 03:08:54'),(57,24,3,'2014-08-10 01:33:34','2016-07-12 14:58:06','2015-06-23 11:20:43','2020-09-11 03:08:54'),(58,29,1,'2017-11-25 04:57:38','2020-09-11 03:10:46','2017-05-29 02:15:37','2020-09-11 03:10:46'),(59,18,2,'2018-09-09 03:00:59','2020-09-11 03:10:46','2013-01-08 20:31:24','2020-09-11 03:10:46'),(60,98,3,'2014-10-30 15:46:17','2019-11-20 01:35:12','2015-01-28 09:38:40','2020-03-26 11:39:14'),(61,87,1,'2015-08-27 16:49:55','2020-09-11 03:10:46','2018-07-03 18:26:21','2020-09-11 03:10:46'),(62,13,2,'2017-04-15 18:30:00','2020-09-11 03:10:46','2010-11-14 12:31:19','2020-09-11 03:10:46'),(63,36,3,'2016-03-24 23:07:01','2017-04-21 16:41:40','2010-10-23 14:07:35','2013-10-13 14:17:38'),(64,15,1,'2017-01-29 03:09:08','2019-01-27 03:50:35','2014-12-08 14:50:17','2016-04-27 13:28:19'),(65,20,2,'2015-04-14 23:29:38','2016-03-04 23:45:16','2014-03-12 09:59:31','2020-09-11 03:08:54'),(66,23,3,'2015-03-16 16:36:41','2016-06-30 19:00:03','2017-02-03 15:02:42','2020-09-11 03:08:54'),(67,27,1,'2015-05-01 11:32:56','2016-07-27 11:58:22','2020-04-11 18:19:45','2020-09-11 03:08:54'),(68,11,2,'2013-10-01 17:49:17','2017-06-23 14:06:04','2011-07-03 14:32:54','2011-10-14 11:27:05'),(69,17,3,'2011-10-14 23:35:59','2014-04-11 18:25:54','2013-05-23 06:05:46','2016-05-22 00:05:28'),(70,66,1,'2011-08-18 01:38:59','2015-06-24 19:02:47','2017-12-14 15:58:29','2020-09-11 03:08:54'),(71,65,2,'2017-02-17 18:50:08','2020-09-11 03:10:46','2011-08-22 10:40:05','2020-09-11 03:10:46'),(72,40,3,'2014-04-20 06:33:54','2018-02-19 17:08:30','2020-04-11 17:56:24','2020-09-11 03:08:54'),(73,1,1,'2017-12-27 00:26:21','2020-09-11 03:10:46','2012-07-01 14:43:05','2020-09-11 03:10:46'),(74,58,2,'2012-08-21 03:08:41','2020-09-11 03:10:46','2019-08-04 20:08:45','2020-09-11 03:10:46'),(75,12,3,'2015-12-10 14:18:20','2020-09-11 03:10:46','2013-05-17 10:26:51','2020-09-11 03:10:46'),(76,49,1,'2010-11-22 20:29:15','2016-05-03 20:54:34','2019-05-28 23:18:56','2020-09-11 03:08:54'),(77,86,2,'2011-08-26 10:51:28','2017-08-28 04:23:20','2012-02-24 01:43:07','2020-09-11 03:08:54'),(78,31,3,'2014-08-11 01:22:07','2020-09-11 03:10:46','2013-07-15 22:46:42','2020-09-11 03:10:46'),(79,41,1,'2013-05-02 22:03:41','2020-09-11 03:10:46','2018-08-04 10:37:00','2020-09-11 03:10:46'),(80,56,2,'2015-11-23 00:14:50','2018-01-03 04:04:17','2017-12-29 15:24:24','2020-09-11 03:08:54'),(81,76,3,'2017-04-21 17:45:23','2020-09-11 03:10:46','2015-07-03 22:16:02','2020-09-11 03:10:46'),(82,6,1,'2015-05-01 20:28:55','2015-06-27 00:24:28','2015-01-26 23:09:29','2020-09-11 03:08:54'),(83,55,2,'2013-06-17 11:11:10','2017-07-29 12:00:11','2017-04-12 23:20:56','2019-02-23 11:21:06'),(84,72,3,'2015-02-01 02:54:06','2015-12-18 09:43:38','2017-08-17 01:04:16','2020-03-21 22:01:26'),(85,45,1,'2011-02-27 17:41:14','2017-03-29 08:45:30','2018-10-22 08:04:36','2020-09-11 03:08:54'),(86,60,2,'2012-12-06 23:51:06','2020-09-11 03:10:46','2013-06-24 21:53:57','2020-09-11 03:10:46'),(87,89,3,'2019-10-02 12:53:09','2020-09-11 03:10:46','2014-06-30 06:11:18','2020-09-11 03:10:46'),(88,30,1,'2012-06-30 08:41:03','2020-09-11 03:10:46','2019-11-23 12:51:32','2020-09-11 03:10:46'),(89,94,2,'2011-02-06 18:58:08','2020-09-11 03:10:46','2014-09-27 03:06:30','2020-09-11 03:10:46'),(90,28,3,'2014-08-25 04:13:10','2017-09-10 08:17:21','2016-06-23 06:16:29','2018-11-18 01:27:59'),(91,70,1,'2018-12-30 11:02:46','2020-09-11 03:10:46','2013-08-17 15:30:41','2020-09-11 03:10:46'),(92,59,2,'2016-12-29 21:46:11','2020-05-25 10:48:05','2015-09-16 16:50:13','2020-09-11 03:08:54'),(93,25,3,'2015-02-22 00:54:38','2017-06-06 20:57:02','2016-09-08 23:20:09','2016-10-05 23:34:54'),(94,63,1,'2010-11-23 00:10:51','2011-03-15 21:29:00','2011-04-03 20:19:40','2018-12-09 07:36:50'),(95,75,2,'2014-05-24 10:03:59','2018-04-27 21:38:30','2019-02-28 19:50:57','2020-09-11 03:08:54'),(96,57,3,'2019-06-22 13:45:55','2020-09-11 03:10:46','2019-12-16 07:49:08','2020-09-11 03:10:46'),(97,19,1,'2019-08-03 02:55:37','2020-09-11 03:10:46','2011-03-23 09:13:44','2020-09-11 03:10:46'),(98,50,2,'2016-05-15 21:38:54','2020-09-11 03:10:46','2020-03-15 16:22:59','2020-09-11 03:10:46'),(99,74,3,'2017-09-16 09:01:55','2018-06-23 08:05:13','2010-10-11 05:57:39','2018-09-05 22:19:22'),(100,73,1,'2018-07-03 21:11:27','2020-09-11 03:10:46','2013-08-12 23:04:52','2020-09-11 03:10:46');
/*!40000 ALTER TABLE `friendships` ENABLE KEYS */;
UNLOCK TABLES;

--
-- Table structure for table `media`
--

DROP TABLE IF EXISTS `media`;
/*!40101 SET @saved_cs_client     = @@character_set_client */;
/*!50503 SET character_set_client = utf8mb4 */;
CREATE TABLE `media` (
  `id` int unsigned NOT NULL AUTO_INCREMENT COMMENT 'Идентификатор строки',
  `user_id` int unsigned NOT NULL COMMENT 'Ссылка на пользователя, который загрузил файл',
  `filename` varchar(255) CHARACTER SET utf8 COLLATE utf8_unicode_ci NOT NULL COMMENT 'Путь к файлу',
  `size` int NOT NULL COMMENT 'Размер файла',
  `metadata` json DEFAULT NULL,
  `media_type_id` int unsigned NOT NULL COMMENT 'Ссылка на тип контента',
  `created_at` datetime DEFAULT CURRENT_TIMESTAMP COMMENT 'Время создания строки',
  `updated_at` datetime DEFAULT CURRENT_TIMESTAMP ON UPDATE CURRENT_TIMESTAMP COMMENT 'Время обновления строки',
  PRIMARY KEY (`id`),
  CONSTRAINT `media_chk_1` CHECK (json_valid(`metadata`))
) ENGINE=InnoDB AUTO_INCREMENT=101 DEFAULT CHARSET=utf8 COLLATE=utf8_unicode_ci COMMENT='Медиафайлы';
/*!40101 SET character_set_client = @saved_cs_client */;

--
-- Dumping data for table `media`
--

LOCK TABLES `media` WRITE;
/*!40000 ALTER TABLE `media` DISABLE KEYS */;
INSERT INTO `media` VALUES (1,1,'https://dropbox.net/vk/inciduntRussel.png',76979050,'{\"owner\": \"Evelyn Tromp\"}',3,'2010-12-20 00:00:00','2020-09-11 03:05:28'),(2,2,'https://dropbox.net/vk/fugaTillman.pdf',69190872,'{\"owner\": \"Arianna Hodkiewicz\"}',1,'1999-10-20 00:00:00','2020-09-11 03:05:28'),(3,3,'https://dropbox.net/vk/providentHauck.mpeg',3104,'{\"owner\": \"Monica Toy\"}',1,'1976-07-20 00:00:00','2020-09-11 03:05:28'),(4,4,'https://dropbox.net/vk/etDare.mp4',243642,'{\"owner\": \"Timmothy Ferry\"}',2,'1990-03-14 00:00:00','2020-09-11 03:05:28'),(5,5,'https://dropbox.net/vk/iustoErnser.png',207678158,'{\"owner\": \"Arturo Greenholt\"}',2,'2004-08-14 00:00:00','2020-09-11 03:05:28'),(6,6,'https://dropbox.net/vk/molestiaeTillman.mpeg',87635869,'{\"owner\": \"Shemar Kassulke\"}',3,'1984-09-08 00:00:00','2020-09-11 03:05:28'),(7,7,'https://dropbox.net/vk/iustoYost.avi',2238900,'{\"owner\": \"Maryjane Hauck\"}',1,'2014-02-22 00:00:00','2020-09-11 03:05:28'),(8,8,'https://dropbox.net/vk/doloremOlson.gif',45233,'{\"owner\": \"Walker Hegmann\"}',3,'1986-02-18 00:00:00','2020-09-11 03:05:28'),(9,9,'https://dropbox.net/vk/voluptateDare.gif',2856,'{\"owner\": \"Euna Grimes\"}',3,'2006-05-04 00:00:00','2020-09-11 03:05:28'),(10,10,'https://dropbox.net/vk/optioHomenick.mpeg',1411,'{\"owner\": \"Zane Lebsack\"}',4,'2019-06-05 00:00:00','2020-09-11 03:05:28'),(11,11,'https://dropbox.net/vk/illoGrimes.jpeg',3013633,'{\"owner\": \"Abigale Reichel\"}',1,'2010-02-13 00:00:00','2020-09-11 03:05:28'),(12,12,'https://dropbox.net/vk/adipisciHegmann.xls',233874,'{\"owner\": \"Regan Weissnat\"}',4,'2018-02-21 00:00:00','2020-09-11 03:05:28'),(13,13,'https://dropbox.net/vk/nobisWunsch.mp3',573625,'{\"owner\": \"Nathan Russel\"}',1,'2019-12-27 00:00:00','2020-09-11 03:05:28'),(14,14,'https://dropbox.net/vk/doloremquePadberg.jpeg',127201,'{\"owner\": \"Greta Wunsch\"}',4,'1970-09-12 00:00:00','2020-09-11 03:05:28'),(15,15,'https://dropbox.net/vk/maximeNicolas.xls',2505,'{\"owner\": \"Dorthy Russel\"}',4,'1985-12-30 00:00:00','2020-09-11 03:05:28'),(16,16,'https://dropbox.net/vk/atqueMurphy.jpeg',6070,'{\"owner\": \"Fausto Miller\"}',4,'2004-10-25 00:00:00','2020-09-11 03:05:28'),(17,17,'https://dropbox.net/vk/etDickens.wav',10614686,'{\"owner\": \"Ethelyn Cronin\"}',2,'1985-04-09 00:00:00','2020-09-11 03:05:28'),(18,18,'https://dropbox.net/vk/doloribusCronin.mov',905131,'{\"owner\": \"Beverly Ziemann\"}',2,'2015-03-06 00:00:00','2020-09-11 03:05:28'),(19,19,'https://dropbox.net/vk/estRussel.mpeg',1403108,'{\"owner\": \"Makenna Gusikowski\"}',1,'1981-09-25 00:00:00','2020-09-11 03:05:28'),(20,20,'https://dropbox.net/vk/distinctioDickinson.pdf',146460,'{\"owner\": \"Jeanette Yundt\"}',4,'2001-10-31 00:00:00','2020-09-11 03:05:28'),(21,21,'https://dropbox.net/vk/minimaStamm.mpeg',212354452,'{\"owner\": \"Jewel Predovic\"}',1,'1999-06-18 00:00:00','2020-09-11 03:05:28'),(22,22,'https://dropbox.net/vk/namNicolas.mp3',134051,'{\"owner\": \"Nikko O\'Kon\"}',2,'1988-08-15 00:00:00','2020-09-11 03:05:28'),(23,23,'https://dropbox.net/vk/quiMurphy.png',944863,'{\"owner\": \"Arnulfo Yundt\"}',4,'2017-11-06 00:00:00','2020-09-11 03:05:28'),(24,24,'https://dropbox.net/vk/inWill.mp3',312162,'{\"owner\": \"Victor Reinger\"}',1,'1993-12-16 00:00:00','2020-09-11 03:05:28'),(25,25,'https://dropbox.net/vk/quiWilderman.doc',643302,'{\"owner\": \"Luella O\'Hara\"}',2,'1977-09-28 00:00:00','2020-09-11 03:05:28'),(26,26,'https://dropbox.net/vk/commodiLuettgen.wav',716221,'{\"owner\": \"Melvina Dach\"}',4,'1971-05-29 00:00:00','2020-09-11 03:05:28'),(27,27,'https://dropbox.net/vk/repellatPadberg.mp3',1233,'{\"owner\": \"Fredrick Luettgen\"}',4,'2011-12-11 00:00:00','2020-09-11 03:05:28'),(28,28,'https://dropbox.net/vk/sapientePfeffer.mp4',32251,'{\"owner\": \"Camron Hickle\"}',3,'2016-07-31 00:00:00','2020-09-11 03:05:28'),(29,29,'https://dropbox.net/vk/velitBailey.wav',634619,'{\"owner\": \"Luigi Batz\"}',3,'2001-07-15 00:00:00','2020-09-11 03:05:28'),(30,30,'https://dropbox.net/vk/velitVandervort.mov',659139663,'{\"owner\": \"Adah Steuber\"}',3,'1985-08-01 00:00:00','2020-09-11 03:05:28'),(31,31,'https://dropbox.net/vk/reiciendisGrady.pdf',2116726,'{\"owner\": \"Parker Cartwright\"}',4,'1988-03-08 00:00:00','2020-09-11 03:05:28'),(32,32,'https://dropbox.net/vk/excepturiO\'Hara.doc',6100,'{\"owner\": \"Ahmed Lebsack\"}',4,'2001-04-27 00:00:00','2020-09-11 03:05:28'),(33,33,'https://dropbox.net/vk/eosRussel.wav',14432,'{\"owner\": \"Coralie Erdman\"}',4,'1982-08-13 00:00:00','2020-09-11 03:05:28'),(34,34,'https://dropbox.net/vk/aliasHomenick.avi',158304,'{\"owner\": \"Chadd Schaden\"}',2,'1993-01-23 00:00:00','2020-09-11 03:05:28'),(35,35,'https://dropbox.net/vk/suscipitWilliamson.gif',738225,'{\"owner\": \"Melba Cummings\"}',4,'2001-09-16 00:00:00','2020-09-11 03:05:28'),(36,36,'https://dropbox.net/vk/magnamWunsch.jpeg',5745538,'{\"owner\": \"Kylee Homenick\"}',1,'1986-01-24 00:00:00','2020-09-11 03:05:28'),(37,37,'https://dropbox.net/vk/facilisTrantow.jpeg',2470064,'{\"owner\": \"Nikko Marks\"}',2,'1988-06-27 00:00:00','2020-09-11 03:05:28'),(38,38,'https://dropbox.net/vk/teneturWilderman.mp4',255075,'{\"owner\": \"Grayson Murphy\"}',1,'1973-06-28 00:00:00','2020-09-11 03:05:28'),(39,39,'https://dropbox.net/vk/ipsaPfeffer.avi',206214,'{\"owner\": \"Geraldine Rath\"}',1,'2017-12-28 00:00:00','2020-09-11 03:05:28'),(40,40,'https://dropbox.net/vk/ullamGrady.mpeg',44984,'{\"owner\": \"Leopold Lynch\"}',3,'2013-04-24 00:00:00','2020-09-11 03:05:28'),(41,41,'https://dropbox.net/vk/etDickinson.mp4',245705,'{\"owner\": \"Patience Mertz\"}',1,'1974-08-17 00:00:00','2020-09-11 03:05:28'),(42,42,'https://dropbox.net/vk/architectoPfeffer.pdf',806395,'{\"owner\": \"Barton Homenick\"}',2,'2004-12-26 00:00:00','2020-09-11 03:05:28'),(43,43,'https://dropbox.net/vk/oditWunsch.pdf',23506533,'{\"owner\": \"Horace Will\"}',1,'1986-09-12 00:00:00','2020-09-11 03:05:28'),(44,44,'https://dropbox.net/vk/estLebsack.avi',41217195,'{\"owner\": \"Shayne Okuneva\"}',4,'1986-03-12 00:00:00','2020-09-11 03:05:28'),(45,45,'https://dropbox.net/vk/eaqueDare.doc',32663609,'{\"owner\": \"Noble Pfeffer\"}',4,'2013-10-14 00:00:00','2020-09-11 03:05:28'),(46,46,'https://dropbox.net/vk/voluptasLebsack.pdf',1977554,'{\"owner\": \"Alfredo Corwin\"}',2,'2004-08-03 00:00:00','2020-09-11 03:05:28'),(47,47,'https://dropbox.net/vk/corporisCartwright.gif',189203150,'{\"owner\": \"Herbert Robel\"}',1,'1980-10-12 00:00:00','2020-09-11 03:05:28'),(48,48,'https://dropbox.net/vk/utJaskolski.gif',6821455,'{\"owner\": \"Royal Olson\"}',3,'2015-10-04 00:00:00','2020-09-11 03:05:28'),(49,49,'https://dropbox.net/vk/nonGrady.pdf',2536220,'{\"owner\": \"Laury Emard\"}',1,'1984-09-20 00:00:00','2020-09-11 03:05:28'),(50,50,'https://dropbox.net/vk/voluptatemPrice.pdf',403332,'{\"owner\": \"Cesar Price\"}',2,'2004-08-22 00:00:00','2020-09-11 03:05:28'),(51,51,'https://dropbox.net/vk/atqueNicolas.avi',367192890,'{\"owner\": \"Dusty Towne\"}',3,'1971-06-25 00:00:00','2020-09-11 03:05:28'),(52,52,'https://dropbox.net/vk/etPrice.mp3',6196,'{\"owner\": \"Dejah Homenick\"}',1,'2013-08-06 00:00:00','2020-09-11 03:05:28'),(53,53,'https://dropbox.net/vk/aperiamWilderman.doc',587477,'{\"owner\": \"Alda Tillman\"}',2,'2019-07-10 00:00:00','2020-09-11 03:05:28'),(54,54,'https://dropbox.net/vk/nihilYundt.gif',16181,'{\"owner\": \"Mohamed D\'Amore\"}',1,'1997-07-24 00:00:00','2020-09-11 03:05:28'),(55,55,'https://dropbox.net/vk/harumCronin.xls',161927,'{\"owner\": \"Adelbert Lueilwitz\"}',3,'1974-03-12 00:00:00','2020-09-11 03:05:28'),(56,56,'https://dropbox.net/vk/nemoHodkiewicz.mp3',717387,'{\"owner\": \"Duane Bailey\"}',2,'1979-08-15 00:00:00','2020-09-11 03:05:28'),(57,57,'https://dropbox.net/vk/culpaRaynor.wav',18443357,'{\"owner\": \"Justyn McKenzie\"}',4,'2013-10-05 00:00:00','2020-09-11 03:05:28'),(58,58,'https://dropbox.net/vk/quisLebsack.mov',167681,'{\"owner\": \"Margarette Mosciski\"}',2,'1979-12-31 00:00:00','2020-09-11 03:05:28'),(59,59,'https://dropbox.net/vk/fugitPfeffer.mp3',55234,'{\"owner\": \"Zena Grady\"}',3,'1989-05-02 00:00:00','2020-09-11 03:05:28'),(60,60,'https://dropbox.net/vk/quiCummings.mp3',12080958,'{\"owner\": \"Yasmine Nicolas\"}',1,'1973-01-09 00:00:00','2020-09-11 03:05:28'),(61,61,'https://dropbox.net/vk/etCorwin.pdf',814508,'{\"owner\": \"Edwardo Wilderman\"}',3,'2013-08-31 00:00:00','2020-09-11 03:05:28'),(62,62,'https://dropbox.net/vk/etMertz.mpeg',910377,'{\"owner\": \"Suzanne Dare\"}',3,'1978-04-16 00:00:00','2020-09-11 03:05:28'),(63,63,'https://dropbox.net/vk/occaecatiYundt.pdf',124014834,'{\"owner\": \"Kyra Emmerich\"}',4,'1988-01-08 00:00:00','2020-09-11 03:05:28'),(64,64,'https://dropbox.net/vk/eosMiller.mp4',98363,'{\"owner\": \"Audreanne Pfeffer\"}',2,'1984-10-02 00:00:00','2020-09-11 03:05:28'),(65,65,'https://dropbox.net/vk/laudantiumHomenick.mpeg',6927941,'{\"owner\": \"Trisha Hayes\"}',3,'2016-08-18 00:00:00','2020-09-11 03:05:28'),(66,66,'https://dropbox.net/vk/consequunturBauch.wav',750684,'{\"owner\": \"Earl Yost\"}',4,'2014-07-30 00:00:00','2020-09-11 03:05:28'),(67,67,'https://dropbox.net/vk/possimusPadberg.pdf',41820901,'{\"owner\": \"Rebeka Johnston\"}',3,'1989-02-19 00:00:00','2020-09-11 03:05:28'),(68,68,'https://dropbox.net/vk/inO\'Hara.avi',448333,'{\"owner\": \"Jammie Feest\"}',1,'2011-12-10 00:00:00','2020-09-11 03:05:28'),(69,69,'https://dropbox.net/vk/temporibusDickinson.doc',11905053,'{\"owner\": \"Reagan Barton\"}',2,'2015-06-06 00:00:00','2020-09-11 03:05:28'),(70,70,'https://dropbox.net/vk/temporeDare.png',2844,'{\"owner\": \"Lois Bartell\"}',2,'1995-11-14 00:00:00','2020-09-11 03:05:28'),(71,71,'https://dropbox.net/vk/estRussel.mp3',979614,'{\"owner\": \"Daniella Stracke\"}',2,'1992-08-03 00:00:00','2020-09-11 03:05:28'),(72,72,'https://dropbox.net/vk/exercitationemOlson.mp4',543072,'{\"owner\": \"Darron Stamm\"}',3,'2010-03-18 00:00:00','2020-09-11 03:05:28'),(73,73,'https://dropbox.net/vk/quiaGrady.avi',766517,'{\"owner\": \"Abner Dickens\"}',2,'2009-03-29 00:00:00','2020-09-11 03:05:28'),(74,74,'https://dropbox.net/vk/doloremYost.wav',193369,'{\"owner\": \"Alessandro Schaefer\"}',4,'2001-09-25 00:00:00','2020-09-11 03:05:28'),(75,75,'https://dropbox.net/vk/exOkuneva.jpeg',16310,'{\"owner\": \"Cicero Trantow\"}',4,'2000-05-16 00:00:00','2020-09-11 03:05:28'),(76,76,'https://dropbox.net/vk/autBailey.jpeg',348169361,'{\"owner\": \"Melyssa O\'Hara\"}',4,'1999-11-13 00:00:00','2020-09-11 03:05:28'),(77,77,'https://dropbox.net/vk/numquamStark.pdf',3754,'{\"owner\": \"Camden Dickinson\"}',3,'2013-11-04 00:00:00','2020-09-11 03:05:28'),(78,78,'https://dropbox.net/vk/quodRussel.pdf',4821932,'{\"owner\": \"Gerda Vandervort\"}',1,'2015-03-27 00:00:00','2020-09-11 03:05:28'),(79,79,'https://dropbox.net/vk/praesentiumWunsch.png',4902857,'{\"owner\": \"Frederik Conroy\"}',1,'1989-09-17 00:00:00','2020-09-11 03:05:28'),(80,80,'https://dropbox.net/vk/nonCollier.mov',510498939,'{\"owner\": \"Eino Rolfson\"}',3,'1973-10-16 00:00:00','2020-09-11 03:05:28'),(81,81,'https://dropbox.net/vk/providentFeest.jpeg',3017454,'{\"owner\": \"Alessandro Rath\"}',4,'2016-08-03 00:00:00','2020-09-11 03:05:28'),(82,82,'https://dropbox.net/vk/estStark.avi',657295,'{\"owner\": \"Tod Dickinson\"}',2,'1993-09-29 00:00:00','2020-09-11 03:05:28'),(83,83,'https://dropbox.net/vk/adBauch.mov',233216,'{\"owner\": \"Kieran Williamson\"}',3,'2014-10-28 00:00:00','2020-09-11 03:05:28'),(84,84,'https://dropbox.net/vk/etCartwright.mov',365082,'{\"owner\": \"Lowell Fahey\"}',4,'1978-10-31 00:00:00','2020-09-11 03:05:28'),(85,85,'https://dropbox.net/vk/expeditaKassulke.jpeg',3430285,'{\"owner\": \"Abdul Kovacek\"}',3,'1989-03-23 00:00:00','2020-09-11 03:05:28'),(86,86,'https://dropbox.net/vk/autTromp.png',38468883,'{\"owner\": \"Jasmin O\'Reilly\"}',4,'1990-08-16 00:00:00','2020-09-11 03:05:28'),(87,87,'https://dropbox.net/vk/cumqueHickle.mp4',1407,'{\"owner\": \"Madalyn Haley\"}',4,'1980-12-30 00:00:00','2020-09-11 03:05:28'),(88,88,'https://dropbox.net/vk/atO\'Hara.jpeg',696367,'{\"owner\": \"Shyanne Ernser\"}',2,'2012-07-31 00:00:00','2020-09-11 03:05:28'),(89,89,'https://dropbox.net/vk/rerumCummings.xls',40706,'{\"owner\": \"Kiara Langosh\"}',4,'1996-09-27 00:00:00','2020-09-11 03:05:28'),(90,90,'https://dropbox.net/vk/errorWeissnat.doc',1026,'{\"owner\": \"Fredy Mayer\"}',4,'2001-03-27 00:00:00','2020-09-11 03:05:28'),(91,91,'https://dropbox.net/vk/doloreO\'Hara.jpeg',19890,'{\"owner\": \"Antwan Raynor\"}',1,'2007-11-10 00:00:00','2020-09-11 03:05:28'),(92,92,'https://dropbox.net/vk/sitGrady.png',499950,'{\"owner\": \"Skylar Bauch\"}',3,'2013-03-09 00:00:00','2020-09-11 03:05:28'),(93,93,'https://dropbox.net/vk/quasDare.mpeg',679707814,'{\"owner\": \"Glenna Glover\"}',2,'1981-08-05 00:00:00','2020-09-11 03:05:28'),(94,94,'https://dropbox.net/vk/inTowne.xls',37103,'{\"owner\": \"Timothy Grady\"}',3,'2019-07-21 00:00:00','2020-09-11 03:05:28'),(95,95,'https://dropbox.net/vk/reprehenderitErnser.png',400649,'{\"owner\": \"Maxime Stark\"}',2,'2000-04-07 00:00:00','2020-09-11 03:05:28'),(96,96,'https://dropbox.net/vk/consecteturTowne.gif',489521106,'{\"owner\": \"Victoria Padberg\"}',1,'1974-02-04 00:00:00','2020-09-11 03:05:28'),(97,97,'https://dropbox.net/vk/facereRussel.mov',283168,'{\"owner\": \"Calista Jaskolski\"}',2,'2004-06-15 00:00:00','2020-09-11 03:05:28'),(98,98,'https://dropbox.net/vk/iureFerry.mov',16018,'{\"owner\": \"Stuart Dickens\"}',1,'1992-08-11 00:00:00','2020-09-11 03:05:28'),(99,99,'https://dropbox.net/vk/fugaHomenick.png',625861995,'{\"owner\": \"Opal Collier\"}',1,'1980-10-25 00:00:00','2020-09-11 03:05:28'),(100,100,'https://dropbox.net/vk/corruptiLuettgen.gif',35861240,'{\"owner\": \"Dalton Wunsch\"}',4,'2013-07-15 00:00:00','2020-09-11 03:05:28');
/*!40000 ALTER TABLE `media` ENABLE KEYS */;
UNLOCK TABLES;

--
-- Table structure for table `media_types`
--

DROP TABLE IF EXISTS `media_types`;
/*!40101 SET @saved_cs_client     = @@character_set_client */;
/*!50503 SET character_set_client = utf8mb4 */;
CREATE TABLE `media_types` (
  `id` int unsigned NOT NULL AUTO_INCREMENT COMMENT 'Идентификатор строки',
  `name` varchar(255) CHARACTER SET utf8 COLLATE utf8_unicode_ci NOT NULL COMMENT 'Название типа',
  `created_at` datetime DEFAULT CURRENT_TIMESTAMP COMMENT 'Время создания строки',
  `updated_at` datetime DEFAULT CURRENT_TIMESTAMP ON UPDATE CURRENT_TIMESTAMP COMMENT 'Время обновления строки',
  PRIMARY KEY (`id`),
  UNIQUE KEY `name` (`name`)
) ENGINE=InnoDB AUTO_INCREMENT=5 DEFAULT CHARSET=utf8 COLLATE=utf8_unicode_ci COMMENT='Типы медиафайлов';
/*!40101 SET character_set_client = @saved_cs_client */;

--
-- Dumping data for table `media_types`
--

LOCK TABLES `media_types` WRITE;
/*!40000 ALTER TABLE `media_types` DISABLE KEYS */;
INSERT INTO `media_types` VALUES (1,'video','2020-01-06 05:44:32','2020-09-11 02:50:14'),(2,'photo','2015-08-31 12:18:38','2020-09-11 02:50:14'),(3,'audio','2015-06-13 17:04:27','2020-09-11 02:50:14'),(4,'text','2012-05-03 18:22:19','2017-04-04 06:01:45');
/*!40000 ALTER TABLE `media_types` ENABLE KEYS */;
UNLOCK TABLES;

--
-- Table structure for table `messages`
--

DROP TABLE IF EXISTS `messages`;
/*!40101 SET @saved_cs_client     = @@character_set_client */;
/*!50503 SET character_set_client = utf8mb4 */;
CREATE TABLE `messages` (
  `id` int unsigned NOT NULL AUTO_INCREMENT COMMENT 'Идентификатор строки',
  `from_user_id` int unsigned NOT NULL COMMENT 'Ссылка на отправителя сообщения',
  `to_user_id` int unsigned NOT NULL COMMENT 'Ссылка на получателя сообщения',
  `body` text CHARACTER SET utf8 COLLATE utf8_unicode_ci NOT NULL COMMENT 'Текст сообщения',
  `is_important` tinyint(1) DEFAULT NULL COMMENT 'Признак важности',
  `is_delivered` tinyint(1) DEFAULT NULL COMMENT 'Признак доставки',
  `created_at` datetime DEFAULT CURRENT_TIMESTAMP COMMENT 'Время создания строки',
  `updated_at` datetime DEFAULT CURRENT_TIMESTAMP ON UPDATE CURRENT_TIMESTAMP COMMENT 'Время обновления строки',
  PRIMARY KEY (`id`)
) ENGINE=InnoDB AUTO_INCREMENT=301 DEFAULT CHARSET=utf8 COLLATE=utf8_unicode_ci COMMENT='Сообщения';
/*!40101 SET character_set_client = @saved_cs_client */;

--
-- Dumping data for table `messages`
--

LOCK TABLES `messages` WRITE;
/*!40000 ALTER TABLE `messages` DISABLE KEYS */;
INSERT INTO `messages` VALUES (1,1,21,'Est et et ut et dolores sint soluta. Magni ut quia dolores commodi distinctio sed voluptas ullam. Delectus impedit aut architecto qui est earum.',0,1,'2014-10-21 05:25:31','2016-11-01 09:09:57'),(2,2,74,'Quia aut mollitia voluptates et. Repellat inventore nobis ipsam voluptas occaecati sequi nihil. Earum expedita possimus explicabo vitae. Iure adipisci omnis est illo. Omnis perferendis libero sit quo in.',1,1,'2017-12-30 13:17:40','2020-06-16 08:08:51'),(3,3,83,'Quia veniam doloremque cum nam esse quidem. Dolorem voluptas dolores tenetur sit vitae dolorem eum sit.',0,1,'2011-12-11 20:30:06','2020-09-11 02:46:24'),(4,4,11,'Aperiam consequatur est veniam id. Ad aut voluptates laboriosam voluptatem iste. Aut corrupti nobis quis quam unde. Inventore illum placeat tempora fugit aut.',1,0,'2015-07-20 10:56:04','2016-05-27 21:04:05'),(5,5,94,'Debitis beatae rerum blanditiis commodi mollitia. Modi perspiciatis voluptate voluptas officiis qui. Repellat et vitae quas est ipsa enim. Molestias vel dolor impedit animi.',0,0,'2016-02-19 01:07:28','2020-09-11 02:46:24'),(6,6,9,'Fugit sequi voluptatum repellendus odio ut vero et est. Repellat dolore sed similique vero ut reiciendis eaque.',0,0,'2013-09-23 06:35:57','2020-09-11 02:46:24'),(7,7,86,'Consequuntur hic voluptas corporis ea totam et suscipit. Quas eveniet omnis culpa. Magni alias cum in asperiores qui neque. Blanditiis molestias ut doloremque perferendis omnis adipisci qui.',1,0,'2012-08-30 20:40:34','2020-09-11 02:46:24'),(8,8,69,'Qui inventore maiores aut iusto dolore expedita. Qui eius iste sed. Earum neque minima sit molestiae ullam. Consequatur et sequi nostrum qui doloremque. Voluptatibus at esse unde.',1,1,'2019-04-10 01:34:57','2020-09-11 02:46:24'),(9,9,33,'Pariatur corrupti aut aspernatur neque nostrum ut. In quam vel nesciunt alias. Vel earum rerum doloribus voluptas.',1,0,'2014-05-29 01:40:56','2020-09-11 02:46:24'),(10,10,52,'Rerum et consequuntur dolorum omnis laboriosam pariatur ut eveniet. Consequatur quibusdam voluptatem tempora doloribus molestiae dolores dolor in. Fugiat voluptas nihil officia nemo iste eos debitis. In expedita ut omnis accusantium consectetur quia praesentium.',1,1,'2018-03-13 21:15:07','2020-01-03 15:40:56'),(11,11,12,'Accusantium est repellendus facilis quidem aut molestias excepturi. Voluptas velit fuga nihil sint assumenda. Aut repellat atque corporis quis hic.',1,1,'2019-07-04 20:55:59','2020-04-15 11:51:05'),(12,12,61,'Quia ipsam ipsa reprehenderit rerum illum maxime aut qui. Quae veniam dolor voluptates vitae cumque. Sapiente et quis rerum magni quisquam possimus ad. Distinctio unde necessitatibus est doloribus voluptatem accusantium doloremque ut.',0,0,'2014-03-07 03:47:07','2019-08-17 09:52:18'),(13,13,95,'Et quaerat quia incidunt quis. Sit distinctio cupiditate autem qui alias molestias. Dolor magnam maxime occaecati qui sapiente. Dolorem animi nulla ea omnis qui voluptatem laborum. Est quod iste amet ratione rerum.',0,0,'2017-02-24 11:19:14','2020-09-11 02:46:24'),(14,14,93,'Excepturi ut reprehenderit aspernatur suscipit omnis et. Qui qui dolorum incidunt sed qui deserunt inventore.',0,1,'2016-09-14 04:54:24','2019-09-15 21:33:39'),(15,15,82,'Cum expedita sint deserunt ea sunt ut assumenda. Ipsam exercitationem pariatur architecto rerum. Doloremque magnam ullam ducimus magni.',0,1,'2019-05-12 01:36:29','2020-09-11 02:46:24'),(16,16,61,'Inventore sit rem nisi non. Ea delectus atque magni omnis repellat est nobis est. Qui voluptate quo quam. Sed voluptas maiores recusandae quos ab ratione deserunt.',1,1,'2018-08-30 16:53:22','2020-09-11 02:46:24'),(17,17,2,'Accusamus illum eius nulla sint deserunt quae. Dicta velit molestias aliquid perferendis. Consequuntur molestiae consectetur maxime sed soluta. Aut ut unde aperiam esse qui.',1,1,'2017-05-06 10:36:05','2020-09-11 02:46:24'),(18,18,67,'Est omnis nihil in quae. Ipsa praesentium qui ipsum alias at eum. Qui aut facilis amet sunt aut voluptas similique expedita. Alias quasi non iure delectus. Ut aut sit quo sed cupiditate cumque.',1,1,'2017-02-16 03:56:13','2020-09-11 02:46:24'),(19,19,69,'Enim sequi quod cumque voluptatem quod. Reiciendis voluptatum voluptatem voluptatem ducimus animi eos. At incidunt rerum quo.',1,0,'2016-03-24 13:57:36','2018-10-13 08:46:43'),(20,20,58,'Sit voluptas itaque ut qui adipisci dignissimos. Qui ullam impedit odit ipsum ipsa. Ratione mollitia velit ipsa consequuntur.',1,0,'2017-10-28 19:21:12','2020-09-11 02:46:24'),(21,21,94,'Dolorum est nihil vel non et. In earum eveniet incidunt mollitia. Corrupti consequatur asperiores tempore fuga voluptate praesentium. Eum est ratione quo cumque.',0,0,'2015-02-01 07:56:14','2020-09-11 02:46:24'),(22,22,67,'Nostrum tenetur ex eligendi esse. Ratione expedita quo et sapiente.',0,0,'2016-04-23 04:02:14','2020-09-11 02:46:24'),(23,23,28,'Omnis recusandae omnis qui totam mollitia ratione cumque. Eaque ipsam earum rem ea. Illum tempora sint ut sit omnis.',0,1,'2012-12-06 19:43:15','2017-01-01 14:15:41'),(24,24,3,'Tempore aliquam sequi quisquam assumenda error rerum beatae. Debitis itaque eum dolor deserunt et. Sapiente perspiciatis cumque itaque dolores et.',1,1,'2019-02-05 09:11:31','2020-09-11 02:46:24'),(25,25,36,'Facere itaque harum tenetur voluptatem. Ea tenetur sed deleniti molestias sit non.',1,0,'2011-08-30 13:10:50','2017-05-04 01:49:49'),(26,26,78,'Veniam blanditiis et fuga enim. Eius aperiam dolorum dolores impedit. Velit explicabo quo placeat aut tenetur est assumenda et.',0,0,'2016-05-05 00:35:05','2020-09-11 02:46:24'),(27,27,98,'Qui aut qui provident sapiente quae fugit est. Fugit molestiae voluptas iste quis exercitationem esse.',0,1,'2015-05-21 10:19:08','2016-10-02 08:33:47'),(28,28,79,'Maiores ut rem explicabo animi provident magnam odit error. Eos accusantium ut nobis eius quasi. Sed libero sequi veritatis dolor omnis et. Ipsum quos et et facilis nisi sit et.',0,1,'2019-09-22 09:45:56','2020-09-11 02:46:24'),(29,29,25,'Consequuntur sunt consequatur itaque qui. Recusandae eos quis voluptates possimus vel ut. Molestias eveniet voluptas quaerat ut aut placeat enim repellat.',0,0,'2011-10-02 06:04:30','2013-05-10 21:02:29'),(30,30,18,'Hic enim dignissimos voluptatem quae consequatur perspiciatis possimus. Sunt aut earum architecto in commodi rerum. Quidem vero ea neque adipisci et sit deserunt.',0,1,'2011-01-17 11:37:30','2019-04-17 14:32:14'),(31,31,22,'Commodi adipisci neque est minima perspiciatis placeat ut dolore. Commodi quasi vel deleniti atque vitae. Occaecati et voluptate odio blanditiis architecto.',0,0,'2013-07-26 23:34:29','2016-07-04 16:51:36'),(32,32,61,'Eum perferendis sapiente blanditiis aut enim. Quia quia ea a et adipisci magnam expedita voluptates. Recusandae nobis eum eveniet blanditiis. Quidem molestias deleniti eum laudantium modi sapiente officia qui.',1,0,'2016-08-27 21:39:13','2020-09-11 02:46:24'),(33,33,14,'Reiciendis aut asperiores maxime officiis sint architecto qui. Ipsum totam fugiat aut ut velit sint aliquid dicta. Repellat sit odio velit omnis.',1,1,'2018-05-05 01:08:00','2020-04-12 05:14:40'),(34,34,65,'Molestiae sed recusandae ullam quas sed. Nesciunt aut quia possimus quis maxime atque excepturi fuga. Eum at atque eum ab quod sapiente quam. Dolor sapiente neque quia consequatur fugit at quis.',0,1,'2010-12-03 16:07:02','2016-02-03 00:47:33'),(35,35,83,'Consequatur dignissimos culpa occaecati accusamus debitis vel. Facilis doloremque maxime quibusdam pariatur velit facere. Maxime incidunt iusto hic non. Id laudantium quasi sunt natus sed quo.',0,1,'2012-11-04 13:50:03','2014-09-05 19:56:27'),(36,36,63,'Earum pariatur exercitationem sit optio cum. Nam est minus enim tenetur nihil et nihil aut. Nihil quas facilis dicta iste. Eos ex rerum eos maxime nesciunt libero veniam pariatur.',0,0,'2014-06-11 23:50:40','2018-11-06 00:27:01'),(37,37,62,'Minima quidem voluptas et officiis ut. In optio doloremque sunt ducimus. Provident ut possimus sit. Et exercitationem unde quia omnis porro voluptates.',0,0,'2017-04-15 09:25:49','2019-09-14 10:58:13'),(38,38,91,'Maxime voluptatem nostrum sint corporis exercitationem. Sit eveniet doloremque deserunt. Ipsum sunt nostrum asperiores sit.',1,0,'2020-03-26 04:48:04','2020-09-11 02:46:24'),(39,39,25,'Doloremque mollitia quas enim. Omnis praesentium voluptas corporis iusto aperiam ullam. Nostrum sit dolorem nisi id iste ad.',1,0,'2015-05-29 03:15:30','2020-09-11 02:46:24'),(40,40,80,'Dolores dolore voluptatem provident quis temporibus eaque eligendi perferendis. Labore quam possimus dolorem. Autem et numquam magnam perferendis facere saepe nobis.',0,0,'2016-08-11 16:42:02','2020-09-11 02:46:24'),(41,41,17,'Est et ut temporibus aperiam blanditiis neque ad. Adipisci est ut architecto perspiciatis ut consequuntur. Eos nulla aliquam non consequatur.',1,0,'2013-09-05 20:48:27','2017-02-09 22:56:27'),(42,42,71,'Ducimus est quidem veniam quidem. Occaecati sint libero laborum aut qui. Magnam atque enim voluptatem modi. Explicabo accusamus culpa dolorem qui.',0,1,'2011-01-30 04:49:38','2016-04-08 15:31:21'),(43,43,6,'Quo quia fuga occaecati maxime voluptatem voluptatem voluptatem. Aliquid provident ad alias amet totam. Pariatur corrupti totam nulla rerum animi.',0,0,'2011-05-25 19:06:23','2019-04-08 02:45:58'),(44,44,33,'Fugit quia sed iusto autem ut eos. Deserunt consequatur id qui. Aspernatur quidem tempore veniam iste dolorum qui.',1,1,'2014-07-14 00:49:45','2020-09-11 02:46:24'),(45,45,23,'Non et molestias voluptate nesciunt nobis eos beatae. Praesentium qui quo ex eos quo qui earum. Enim placeat aliquid blanditiis modi asperiores quaerat similique.',1,0,'2015-11-30 23:17:18','2018-02-20 08:41:55'),(46,46,35,'Voluptates eveniet quia qui reprehenderit cumque. Repellat explicabo est hic qui. Sed excepturi animi sed sit quae praesentium.',0,0,'2014-12-15 07:35:48','2020-09-11 02:46:24'),(47,47,38,'Nesciunt modi magnam ab ex. Veritatis incidunt dolorem sed. Atque iusto alias deserunt optio maxime.',0,0,'2011-04-27 05:35:39','2012-11-02 18:27:38'),(48,48,54,'Expedita perferendis consequatur dignissimos molestias. Sit et omnis iusto rerum qui. Illo in voluptatem reiciendis dolorem et. Consequuntur vel et est eum.',0,1,'2019-10-21 22:57:43','2020-09-11 02:46:24'),(49,49,38,'Architecto omnis pariatur ullam exercitationem eos. Perspiciatis fugiat reprehenderit ut perferendis totam non. Nam quod aut quas. Temporibus nihil commodi nostrum blanditiis qui inventore dolores. Doloremque repudiandae nemo omnis unde harum est delectus.',0,1,'2015-04-08 18:54:47','2017-03-16 23:38:15'),(50,50,64,'Eveniet est numquam omnis et voluptatibus eum accusantium. Nostrum quas quo molestiae id repudiandae maiores quae. Explicabo ut ut veniam laboriosam quas aut. Amet rem aut dolorem rem alias voluptas sed quo.',1,0,'2014-04-10 23:01:08','2020-09-11 02:46:24'),(51,51,32,'Amet aliquam qui dolorem blanditiis est. Sit repellendus in dolorem. Quia laudantium eum est ducimus molestiae repellat doloribus.',0,0,'2013-09-08 17:11:58','2020-09-11 02:46:24'),(52,52,39,'Aut enim consequuntur porro. Id recusandae voluptatem aut ex incidunt ullam et. Mollitia ea libero adipisci et rerum eos.',0,0,'2018-08-22 17:42:19','2020-09-11 02:46:24'),(53,53,69,'Culpa velit modi rem magni molestiae et. In iusto aliquam voluptatem et id in sunt. Velit sit culpa qui quia. Tenetur quis voluptatem qui aut voluptas cum ratione. Doloremque inventore et voluptates veritatis nam quia facilis.',0,0,'2012-07-12 04:29:11','2014-05-07 10:50:00'),(54,54,73,'Ratione dicta iure nulla et. Officia voluptas quia voluptate doloribus qui. Cupiditate voluptatem neque inventore. Quod ut deserunt voluptas cupiditate illum laboriosam qui.',1,1,'2012-07-08 06:06:39','2020-04-19 10:21:52'),(55,55,95,'At et et quasi omnis consectetur provident. Corrupti earum dolor ipsum enim ut aperiam. Non aut inventore perspiciatis natus ipsam quae nobis.',0,0,'2018-11-28 14:08:25','2020-09-11 02:46:24'),(56,56,14,'Dignissimos incidunt totam omnis hic excepturi odio. Veritatis incidunt delectus magni qui deserunt doloribus a.',0,1,'2019-07-14 22:24:48','2020-09-11 02:46:24'),(57,57,51,'Voluptatem temporibus aliquam ea placeat odio autem ullam sed. Mollitia sapiente aliquid suscipit ex et. Harum quaerat facilis consequuntur vel. Modi ducimus et consequatur id veniam recusandae. Vitae et fugiat quo vitae.',0,1,'2015-05-26 04:41:16','2016-10-25 08:34:32'),(58,58,31,'Iusto qui a nam cumque ea illo fugit. Voluptatibus facilis sit quisquam tenetur qui dolores corporis qui. Odit et eligendi quia deleniti ipsum. Delectus ullam molestias fugit illum sunt deserunt explicabo.',1,1,'2011-07-30 10:37:56','2014-11-24 20:03:18'),(59,59,70,'Aperiam odit aut modi nemo odit. Maxime voluptatibus quasi aliquam. Totam similique omnis adipisci at nemo voluptas.',0,0,'2015-02-14 11:19:37','2019-11-13 13:50:23'),(60,60,84,'Atque ratione dolor praesentium voluptatem. Placeat hic dignissimos animi et repudiandae. Voluptatem aut deserunt quia qui quod veniam aperiam enim.',1,0,'2017-04-10 21:14:00','2020-09-11 02:46:24'),(61,61,46,'Et eos rem aut ut omnis tempore quia in. Sit ratione ut vel doloribus blanditiis vero non illum. Explicabo quo est ea necessitatibus. Aspernatur quia in quia modi maiores commodi odit et.',1,0,'2019-06-30 17:02:38','2020-09-11 02:46:24'),(62,62,81,'Consequuntur accusamus perferendis quas cumque vel. Neque eos quidem voluptatem quae est in labore. Eligendi dolor ipsam cupiditate explicabo distinctio tenetur quibusdam.',1,0,'2015-10-18 04:49:44','2020-09-11 02:46:24'),(63,63,61,'Nam aut aliquam velit consequatur. Voluptatem dicta iste nam magnam. Deleniti nihil qui labore occaecati nam sit.',0,0,'2013-08-17 21:50:55','2020-09-11 02:46:24'),(64,64,50,'Autem optio rerum omnis ratione cumque facilis aut. Inventore voluptatibus voluptas vitae et. Dolor odio vel et ducimus cupiditate dolorem sunt.',1,1,'2019-12-13 20:37:48','2020-09-11 02:46:24'),(65,65,62,'Aperiam dolores nesciunt nobis atque fuga. Commodi omnis nostrum perferendis nemo reprehenderit. Magnam animi sed dolores amet et enim voluptatem.',1,0,'2012-06-08 03:28:45','2017-09-19 09:56:52'),(66,66,20,'Quisquam voluptas sint fuga. Tempora autem amet reiciendis. Iure quidem cumque veniam expedita qui. Assumenda facere vel commodi voluptatem non voluptate quisquam consequatur.',1,0,'2012-05-07 16:35:38','2013-12-14 22:59:18'),(67,67,43,'Et rem iste deserunt aperiam et hic eligendi. Molestiae qui molestias enim est. Minus sit sint omnis. Ea temporibus laborum eos harum asperiores. Eius corporis quae reiciendis molestiae id odio.',1,0,'2012-02-26 16:06:53','2014-12-21 18:52:29'),(68,68,73,'Qui dolores aliquam voluptatem quia et et. Et delectus nostrum quia quos et. Aspernatur praesentium sed cum nihil sint laudantium quis odit. Dolorem occaecati ut corporis et.',0,0,'2012-04-12 23:08:20','2013-11-20 23:49:32'),(69,69,58,'In dicta totam autem et provident perferendis ipsa id. Magnam molestias reiciendis et quos molestiae. Ab mollitia alias aperiam enim.',1,0,'2012-08-24 06:16:15','2015-05-05 19:53:28'),(70,70,85,'Neque suscipit repudiandae asperiores asperiores. Accusamus qui ipsum dolor facere enim dolore eius. Sunt nemo consequatur eligendi ut officiis.',0,1,'2014-04-29 22:23:43','2019-06-04 14:52:19'),(71,71,60,'Suscipit adipisci omnis ipsam voluptatem et. Aut fuga dolore ut optio inventore blanditiis. Nihil fugiat sunt voluptatem ullam distinctio tenetur asperiores vero. Reiciendis dicta et ea et.',0,0,'2015-07-24 07:21:45','2020-09-11 02:46:24'),(72,72,12,'Sint blanditiis ipsam enim consequatur. Tempora nihil repudiandae nihil dolorem. Non quam eveniet labore quia architecto quas sed. Vel dolorem quo esse amet et ipsam quae.',0,1,'2011-02-03 10:50:44','2018-04-10 11:30:57'),(73,73,54,'Praesentium ut incidunt a provident perspiciatis harum earum. Quis iusto ipsa voluptas totam quia voluptatum sit.',0,1,'2017-11-04 14:45:07','2020-09-11 02:46:24'),(74,74,83,'Recusandae ut dolorem quo ut. Dignissimos et veniam commodi dignissimos ut molestias.',0,1,'2010-10-09 15:36:24','2014-09-27 03:04:35'),(75,75,64,'Ratione ullam rerum sapiente non fugiat minus. Sapiente impedit est ea eos. Ipsa assumenda tempora voluptate qui occaecati.',1,1,'2013-11-27 17:44:30','2018-03-22 08:40:20'),(76,76,89,'Repellendus nisi non quo esse. Maiores voluptatum odit amet accusantium neque voluptatem.',0,0,'2020-08-15 12:45:24','2020-09-11 02:46:24'),(77,77,78,'Enim non veniam vero officiis iste. Nihil non enim consectetur atque sunt aspernatur sit repudiandae. Ea expedita officiis eum est quis. Ipsum autem omnis sint aut.',1,0,'2019-08-19 13:34:43','2020-09-11 02:46:24'),(78,78,96,'Ducimus minima atque aut voluptas omnis. Sunt qui a earum qui quia officia sunt. Quod dolorem qui non vel hic magni.',0,1,'2015-05-24 09:59:47','2020-09-11 02:46:24'),(79,79,27,'Sint et sequi consequatur ut odit ea. Voluptatibus esse iure rerum numquam magnam. Expedita officia laboriosam praesentium natus.',1,1,'2018-09-15 01:08:42','2020-09-11 02:46:24'),(80,80,69,'Qui a ducimus numquam quas eaque possimus. Commodi aut ipsam facilis commodi ipsam provident ex. Accusamus ut maiores illum dicta saepe reprehenderit et. Libero qui consequatur nulla recusandae.',1,1,'2019-04-05 15:53:33','2020-09-11 02:46:24'),(81,81,66,'Velit nesciunt ipsum voluptatem laborum. Ut modi amet et sunt. Eligendi quidem animi dolores. Exercitationem vitae praesentium dolorem.',0,0,'2014-08-13 22:41:19','2015-03-22 18:20:30'),(82,82,42,'Minus dolorem perferendis quia in debitis et. Rerum eligendi sed rem et. Non soluta sunt ea exercitationem voluptas. Autem facere aliquam repudiandae.',1,0,'2012-09-07 01:25:17','2013-11-18 11:01:22'),(83,83,93,'In sit cum optio. Officia sint saepe minus quibusdam totam voluptatum. Minus vel quasi ipsam possimus et labore.',1,1,'2018-12-25 12:53:49','2020-09-11 02:46:24'),(84,84,6,'Laudantium et in perferendis inventore nihil qui. Quia officia temporibus ipsa accusantium quibusdam at. Fugit eius est quae odio.',1,0,'2019-09-02 00:48:56','2020-09-11 02:46:24'),(85,85,42,'Nesciunt maxime numquam rerum minima architecto ea praesentium. Atque recusandae sit omnis molestiae quis. Qui qui harum eveniet qui earum ullam. Quas tempore vel omnis cumque iure aperiam rerum.',1,0,'2013-01-17 03:46:48','2019-11-07 04:03:19'),(86,86,23,'Ut rem fuga repellendus sit eius voluptas tempora dolorum. Incidunt modi qui exercitationem in omnis quas vel fuga. Atque nesciunt ullam voluptatem et quidem iusto modi deserunt. Enim sunt autem impedit et perspiciatis ipsam suscipit reiciendis.',1,0,'2015-10-16 15:09:30','2020-09-11 02:46:24'),(87,87,84,'Error vero voluptas dolorem excepturi id. Iure qui a consectetur ad. Sapiente fuga numquam corrupti voluptatum id. Fugit est dicta rem asperiores. Voluptatem et ut non doloribus.',0,0,'2014-08-17 21:55:10','2020-09-11 02:46:24'),(88,88,15,'Et adipisci nostrum similique ut enim in. Exercitationem repudiandae sed asperiores eum unde ad unde. Laboriosam ipsum autem alias molestiae excepturi quia dolorem dolore. Molestiae pariatur et facilis non itaque.',1,1,'2016-07-01 04:17:24','2018-07-03 21:06:54'),(89,89,98,'Incidunt ea qui dolorem delectus aut omnis molestias. Enim tempora est iste hic sit consequuntur. Pariatur hic ad iusto et. Et amet et impedit ad repudiandae alias incidunt.',1,1,'2013-02-27 20:51:34','2013-03-09 23:59:38'),(90,90,75,'Ducimus asperiores perferendis quae explicabo at ab dolores. Doloribus quae aut error aut ut molestiae. Officiis aut aliquid perspiciatis quia.',0,1,'2010-12-14 10:38:51','2012-07-09 10:49:53'),(91,91,58,'Tempore in maiores mollitia suscipit rerum qui ut. Veniam ipsum commodi inventore deleniti harum soluta. Impedit eos ratione et repudiandae dolores.',1,1,'2012-05-27 01:53:47','2020-01-23 13:00:53'),(92,92,44,'Repellat consequatur modi molestiae id. Fugit qui totam autem ut quia cum qui. Assumenda consectetur error dolore quos.',0,1,'2020-04-11 00:12:16','2020-09-11 02:46:24'),(93,93,48,'Necessitatibus voluptatum possimus molestiae assumenda facere dolore incidunt. Qui enim dolore hic consequatur. Officiis iure et dolores illum quia minima quas aspernatur.',0,1,'2015-06-12 02:44:26','2020-09-11 02:46:24'),(94,94,67,'Quos sed inventore error recusandae. Et magnam quo neque. Nam voluptates ullam eos itaque at quisquam et.',1,1,'2013-09-30 12:27:10','2018-10-26 20:48:17'),(95,95,36,'Vitae tempore provident quod sed. Molestias iste tempore repudiandae quia.',1,1,'2016-07-25 22:16:43','2019-06-25 22:03:11'),(96,96,37,'Ullam sint incidunt maxime laboriosam ea aliquid. Nihil aut nihil vitae dolorem unde a. Et vel maxime eius libero.',0,1,'2016-12-23 12:36:36','2020-09-11 02:46:24'),(97,97,14,'Ab recusandae consectetur ut. Repudiandae voluptatem qui qui. Cum aperiam dolorum porro voluptas recusandae. Magni rem eaque officia assumenda porro assumenda magnam.',1,0,'2020-09-09 13:00:10','2020-09-11 02:46:24'),(98,98,40,'Labore voluptatem voluptates tempore maxime sapiente. Pariatur laborum consequuntur ut cum. Eos nisi voluptates sit. Necessitatibus ipsum voluptatem nam et.',1,1,'2014-12-01 12:42:23','2020-09-11 02:46:24'),(99,99,14,'Perferendis cum qui maxime qui molestiae illo amet. Totam itaque aut voluptatem voluptas sapiente. Nam quas et qui architecto error cupiditate. Aut voluptatem voluptatum eum non quo nisi sunt. Iure doloremque molestiae possimus omnis nihil quas nihil.',0,1,'2014-12-22 18:38:30','2018-07-21 19:20:01'),(100,100,67,'Temporibus commodi atque enim similique. Deserunt adipisci a eos nam quae. Accusamus animi optio labore similique animi laudantium autem.',1,1,'2016-08-18 18:47:51','2018-11-05 11:21:32'),(101,1,3,'Iste in nihil est totam blanditiis et rerum. Debitis magni fugiat delectus qui. Cumque sed ut et omnis sunt. Fugit sed omnis asperiores aut perferendis voluptatem cum nihil.',0,1,'2016-12-11 13:25:36','2020-09-11 02:46:24'),(102,2,59,'Quisquam porro omnis sed. Aut itaque temporibus molestiae quia. Ullam et eaque aliquid non dolorem at et.',0,1,'2016-07-31 23:23:43','2019-06-27 19:39:44'),(103,3,22,'Corporis officiis et veritatis ipsum. Aut eos nobis rerum. Omnis consequatur laboriosam et distinctio sunt. Nam aperiam sunt vero.',1,1,'2010-10-16 01:23:05','2016-06-07 06:05:23'),(104,4,47,'Repellat eaque perspiciatis officia fugiat aut. Ut sit maxime eveniet totam. Et qui voluptas necessitatibus sunt laudantium commodi illo vero.',0,1,'2017-07-03 02:44:19','2019-10-03 18:46:51'),(105,5,30,'Sunt cumque et debitis voluptatibus ab. Maiores quaerat eveniet et aut. Accusantium magnam qui quis impedit dolor qui aut.',1,0,'2013-09-28 15:03:54','2017-06-11 12:58:42'),(106,6,100,'Excepturi possimus sunt eveniet omnis. Adipisci rem blanditiis eum et minima aliquam. Omnis odio fugiat quia voluptatum temporibus laudantium.',0,1,'2015-03-13 05:00:13','2015-07-25 07:56:20'),(107,7,71,'Perferendis dolorem perferendis suscipit voluptas quas voluptatem similique. Quos reprehenderit rerum magni. Et ut quas eveniet ut occaecati.',0,0,'2013-05-15 21:24:11','2020-09-11 02:46:24'),(108,8,31,'Pariatur velit veritatis rem vitae. Sint numquam debitis pariatur. Veniam sed in nulla voluptatem sunt accusamus modi.',1,1,'2011-04-07 03:46:48','2014-08-26 08:24:24'),(109,9,88,'Qui consequatur dolorem nihil tenetur est sunt nisi exercitationem. Et similique aspernatur unde aspernatur qui ut nobis. Ea qui pariatur voluptatum provident sunt. Dignissimos quia dolore eaque est dolorem est.',1,0,'2020-08-14 09:36:59','2020-09-11 02:46:24'),(110,10,11,'Et suscipit autem est perferendis. Tenetur aut molestiae quos sit ea.',1,0,'2018-03-13 14:58:42','2020-09-11 02:46:24'),(111,11,40,'Enim optio aliquam omnis. Quam et molestias qui excepturi quis. Ullam praesentium numquam tempora impedit. Voluptatem sequi repellat nisi consectetur nisi impedit laborum et.',1,0,'2016-01-13 07:57:07','2020-09-11 02:46:24'),(112,12,94,'Sit veniam debitis aut natus. Dicta laborum aut reprehenderit voluptas odio omnis ex eum. Nesciunt eum qui illum pariatur dolorem veniam. Ut consequatur repellendus consequatur facilis molestiae totam ullam.',0,1,'2016-04-15 15:27:53','2020-09-11 02:46:24'),(113,13,35,'Omnis fuga dolorum in sequi. Doloremque consequatur quaerat reiciendis ea laborum dolorem. Autem ut ipsum voluptatem id. Excepturi optio esse id accusantium expedita sint exercitationem.',0,0,'2018-03-12 23:38:56','2018-11-24 13:41:18'),(114,14,17,'Accusantium quod nam ipsa eos. Nobis explicabo saepe aliquam blanditiis ut accusantium voluptates porro. Esse alias aut veritatis consectetur quo reprehenderit. Veniam et sequi occaecati.',1,1,'2014-02-28 14:41:32','2020-09-11 02:46:24'),(115,15,85,'Incidunt consequatur nisi sint sit at. In iste vel quaerat ad aliquam odio.',0,0,'2019-04-27 02:13:30','2020-09-11 02:46:24'),(116,16,52,'Id expedita nesciunt et. Repellat modi nemo quod excepturi porro. Et impedit reprehenderit nemo eius et. Minus adipisci aut consequatur error.',0,0,'2015-02-15 11:40:46','2016-12-11 03:10:01'),(117,17,11,'Eius omnis voluptatem ipsum dolorem odio quos doloribus. Pariatur ex repudiandae sed laborum rerum. Nisi in mollitia vel nobis facere est. Temporibus sit sequi quia dolore adipisci laboriosam enim. In nulla molestiae officiis ipsum.',1,1,'2019-04-28 07:51:00','2020-09-11 02:46:24'),(118,18,64,'Excepturi excepturi delectus ab architecto doloremque animi. Eligendi quis id neque aut. Est vel fugiat accusamus inventore sed asperiores placeat vel.',0,0,'2011-03-31 13:55:01','2014-07-19 18:46:59'),(119,19,55,'Totam eveniet maxime voluptas doloribus dolore vel magnam. Nihil ipsam ut assumenda ducimus. Tenetur reiciendis illum accusamus enim excepturi consequuntur sed.',1,1,'2016-03-26 07:21:05','2019-02-25 17:02:40'),(120,20,15,'Quasi maxime dolor qui sint omnis. Consequatur incidunt voluptate et optio. Alias fugiat repudiandae rerum nam ex qui. Velit voluptatem qui pariatur numquam molestiae. Dignissimos eum at incidunt vitae voluptatum officiis.',1,1,'2016-02-02 07:33:06','2020-09-11 02:46:24'),(121,21,4,'Nostrum dolorum voluptates quia. Ullam et fuga quasi rerum quaerat. Facere assumenda libero sunt assumenda voluptatibus.',0,0,'2015-12-05 17:18:35','2020-09-11 02:46:24'),(122,22,61,'Aliquam voluptas sed omnis aspernatur. Asperiores fugit tempora in aliquid est adipisci fugiat. Suscipit sunt sed consequuntur enim quibusdam cupiditate quis. Molestias porro neque ut doloremque quo.',1,0,'2011-05-31 15:55:17','2012-01-01 23:33:46'),(123,23,52,'Accusantium est possimus quia omnis aliquam laudantium suscipit. Veniam molestias architecto ad laboriosam doloremque eius tempora. A quasi ipsum magni. Aut sunt vel molestiae sapiente temporibus dolore sint. Eum ea voluptatem quis ex nam quidem dolor.',1,1,'2011-04-26 02:28:27','2014-01-31 22:33:41'),(124,24,36,'Rerum non quam qui quia omnis qui animi. Facilis itaque fugit cumque harum velit eos facere accusantium. Nesciunt enim ut tempora. Sint sed possimus id at ipsam non repellat.',0,1,'2019-05-26 11:13:59','2020-09-11 02:46:24'),(125,25,14,'Impedit ipsum id quam. Explicabo ab illum quia harum amet quaerat. Voluptates quia et corrupti porro qui. Occaecati placeat magni pariatur numquam sed.',0,1,'2018-01-06 12:54:04','2020-09-11 02:46:24'),(126,26,10,'Mollitia maxime cupiditate voluptatum autem occaecati nihil. Omnis nulla pariatur rerum doloribus expedita.',1,0,'2020-05-12 23:48:59','2020-09-11 02:46:24'),(127,27,7,'Et sint itaque qui. Officia ea consequuntur eveniet numquam.',0,0,'2014-11-16 10:22:40','2016-11-29 00:18:08'),(128,28,48,'Dolorum molestias fuga et repellendus voluptatem voluptatem sint dolores. Optio eligendi odit neque nemo rerum. Sunt occaecati nam distinctio distinctio et perferendis a aut. Hic ut consequatur a quas voluptatem impedit cupiditate.',1,1,'2011-03-09 01:52:21','2020-08-30 01:21:45'),(129,29,15,'Quae inventore eaque maxime ut quam dolorum. Odit vel aut tempora ut est laborum commodi. Quidem et occaecati quidem veritatis ducimus ratione sit magni. Animi recusandae ab quis laborum quisquam laborum.',0,0,'2010-12-03 19:19:36','2011-07-07 17:06:27'),(130,30,19,'Quaerat consequatur libero consequuntur atque. Consectetur voluptatem veritatis quaerat expedita aut quia aspernatur. Eius eaque praesentium ut totam ab et rerum fuga.',0,1,'2013-08-20 17:10:51','2020-09-11 02:46:24'),(131,31,3,'Quasi perferendis vitae nesciunt qui minus. Facilis quod odio iste nulla ut ratione veniam voluptatem. Repellat nisi aut saepe fugiat corrupti nihil. Nihil doloremque cum tempora tempora provident mollitia adipisci.',0,0,'2016-09-22 06:48:58','2019-08-14 00:14:06'),(132,32,96,'Fugit praesentium at tempore provident corporis dignissimos. Deserunt numquam aut quis maxime. Sunt numquam inventore ipsa ut aut. Ut beatae aliquam libero.',0,0,'2017-06-02 00:14:17','2020-02-14 15:17:38'),(133,33,67,'Saepe et temporibus aut debitis minus quod corrupti. Quam voluptas sint voluptas commodi accusantium.',0,1,'2019-01-18 10:19:48','2019-06-17 20:31:16'),(134,34,58,'Consequatur animi quis ratione quam fuga temporibus. Autem fuga atque enim natus cum saepe similique et.',1,1,'2016-04-30 11:44:42','2020-09-11 02:46:24'),(135,35,96,'Sint expedita sapiente omnis commodi eum consequatur eum. Officia et quam fugit odio. Accusantium enim consequatur id. Voluptatem consequatur culpa aut similique.',1,1,'2014-08-03 12:01:00','2020-09-11 02:46:24'),(136,36,52,'Quae veniam sunt eaque impedit labore nobis. Repellat nemo voluptas aperiam officiis. Ad enim quae perferendis veniam quo facilis sit nesciunt.',1,1,'2014-05-27 11:16:36','2020-08-26 01:02:32'),(137,37,8,'Et molestiae totam repellat. Iusto voluptas et at quidem aut consequatur. Atque est expedita eveniet. Qui officia sapiente et consectetur aut voluptas ipsum.',1,0,'2016-06-18 01:23:49','2020-09-11 02:46:24'),(138,38,16,'Ex blanditiis enim velit ducimus odit optio dolorum consequatur. Fuga similique distinctio officiis sunt dolorem qui quo sunt. Tempore laboriosam odio libero culpa hic vel.',1,0,'2015-08-03 01:50:15','2017-11-18 03:02:21'),(139,39,44,'Quidem quia nihil cum hic hic provident tempora quis. Nobis laudantium qui qui animi. Facere voluptas aut aperiam ullam ducimus voluptas impedit. Id autem aliquam dolorem id cumque dolor similique illo.',1,1,'2016-03-20 00:13:08','2017-10-22 10:10:38'),(140,40,13,'Consequatur sint a sit porro. Natus quis sit officia culpa excepturi. Est incidunt magni dolor dolores laudantium sed. Quae est nihil dolores ut et est.',1,0,'2011-11-11 01:19:14','2014-06-07 20:24:56'),(141,41,26,'Velit ut perspiciatis dolor suscipit incidunt nulla aperiam. Dignissimos amet fuga id voluptates. Impedit soluta blanditiis distinctio voluptatem modi minus. Deleniti sequi ullam aspernatur.',0,1,'2013-06-17 18:29:18','2020-01-10 04:24:41'),(142,42,42,'Rerum esse nostrum quam repellat. Deserunt id qui voluptatem consequatur ratione eos minima. Et mollitia dolorem repellendus a.',1,1,'2014-10-01 16:52:35','2015-04-19 13:05:50'),(143,43,89,'Error consequatur quam repellendus voluptatibus in. Sunt enim fuga dolores odio perferendis temporibus aspernatur. Exercitationem reprehenderit autem et perspiciatis.',0,1,'2011-03-28 17:26:12','2017-04-11 05:10:45'),(144,44,8,'Velit voluptatibus quia natus dolores eius. Eum laborum accusantium velit. Et amet accusamus et quis omnis.',0,1,'2018-07-03 09:51:27','2019-04-03 00:08:21'),(145,45,54,'Porro qui facere nesciunt. Quam voluptatibus ut assumenda perferendis voluptatem accusamus odio. Est maiores velit et libero porro sit eligendi. Nulla quia necessitatibus praesentium omnis.',1,0,'2012-10-11 01:56:36','2020-03-22 22:50:56'),(146,46,58,'Mollitia laboriosam aperiam sapiente odio. Possimus ut et suscipit. Quibusdam et magnam quas dignissimos autem.',1,0,'2018-10-22 15:30:31','2019-05-19 18:53:40'),(147,47,20,'Temporibus dolor quis aut enim et alias ex. Repudiandae delectus consequuntur eum quo. Voluptatum fuga aut laboriosam id placeat. Consequatur ipsam dignissimos et in officia aliquid at.',0,0,'2015-05-26 08:26:46','2018-07-12 05:19:43'),(148,48,82,'Ad velit ut amet blanditiis ullam voluptatem consectetur facere. Molestiae labore enim distinctio. In et animi consectetur saepe. Tenetur nisi ipsum consequatur rerum atque.',1,1,'2011-10-08 18:30:58','2020-09-09 04:54:13'),(149,49,97,'Provident cum qui est voluptates cum aut delectus. Velit asperiores non ducimus. Impedit non tempore officiis qui.',1,0,'2017-02-02 09:03:21','2020-09-11 02:46:24'),(150,50,40,'Qui cupiditate non enim distinctio. Cumque vel dolores quidem amet aut. Corporis reiciendis molestiae tempora dolore repellat iste.',0,1,'2019-08-01 08:11:02','2020-09-11 02:46:24'),(151,51,14,'Quo est ratione quo cum. Perspiciatis magnam nam esse excepturi ut qui repellendus. Qui nesciunt illum sit quae ut veritatis.',1,0,'2019-01-28 03:23:15','2020-09-11 02:46:24'),(152,52,80,'Sapiente et necessitatibus voluptatum iste enim omnis hic. Quis sunt nulla quos tenetur sapiente. Ducimus enim ullam nulla. Libero a excepturi architecto voluptatem eveniet tempora.',1,1,'2016-06-13 06:57:35','2018-10-20 21:53:04'),(153,53,5,'Ut sint sed ducimus quis aut. Earum quia est occaecati aut enim.',1,0,'2015-03-12 08:30:56','2017-01-19 06:42:57'),(154,54,35,'Perferendis ipsum amet natus eligendi quos sed vel. Earum error magnam dolor. Fuga aut libero est quas rem.',1,1,'2017-10-22 14:06:29','2020-09-11 02:46:24'),(155,55,41,'Possimus eos recusandae aut minus. Consectetur qui distinctio atque cum iusto odit. Laboriosam corrupti est tempore tempora quibusdam sit ab nam. Vel velit libero quas rerum laborum.',1,0,'2012-07-25 19:31:08','2019-11-25 02:01:39'),(156,56,97,'Nihil quos perferendis nemo eveniet dolor harum aut. Aut quae rerum est. Tempora aut est sit dolores. Quibusdam labore rerum enim incidunt voluptatibus perferendis omnis.',0,1,'2014-07-21 17:46:48','2020-09-11 02:46:24'),(157,57,87,'Necessitatibus ut dignissimos a sed similique officia. Tempora accusantium eveniet qui voluptate temporibus. Voluptatem animi illum maiores dicta et quia et. Modi odit iusto aut qui eos ab.',0,1,'2019-02-16 10:23:50','2020-09-11 02:46:24'),(158,58,88,'Ex possimus veritatis asperiores qui. Et dolorem reiciendis eligendi sapiente. Consequuntur sunt vel voluptas quas voluptatem consequatur quia omnis.',0,1,'2012-04-06 13:55:17','2013-11-08 03:20:20'),(159,59,88,'Reiciendis et numquam iure dolorum. Repellat aliquam hic dignissimos velit harum voluptas. Sit et tenetur fuga eum cumque. Animi quidem omnis quo ut incidunt quidem.',0,0,'2018-10-25 11:18:04','2020-09-11 02:46:24'),(160,60,99,'Molestias eos vel rerum autem nisi. Aut ut eveniet consequatur totam. Officia veritatis rem nisi magni. Laborum quis sunt omnis consequatur quo. Neque quos atque doloremque est atque.',0,1,'2013-10-03 13:27:16','2020-09-11 02:46:24'),(161,61,32,'Enim delectus rerum veritatis unde explicabo. Debitis illo sed dolorem quis. Dolorum eveniet vero excepturi non.',1,1,'2015-07-16 07:53:40','2020-09-11 02:46:24'),(162,62,41,'Ad at pariatur aut non harum quas ullam. Illum harum qui ipsum enim. Asperiores at tenetur ut ea.',0,0,'2020-06-07 22:07:20','2020-09-11 02:46:24'),(163,63,36,'Ut quidem autem quas sapiente. Occaecati similique facere tenetur expedita ut est. Impedit officiis et et odio a. Dolor iure veniam quos accusamus.',1,1,'2016-02-24 10:03:52','2019-02-11 16:42:55'),(164,64,3,'Qui porro porro voluptas rerum. Odit officiis aut commodi amet sed. Est accusantium mollitia sapiente ratione.',1,0,'2013-05-13 18:43:14','2014-04-17 11:48:47'),(165,65,52,'Sed et eligendi qui eaque. Nostrum commodi temporibus earum corrupti consequatur. Perspiciatis sequi sint debitis saepe aut laudantium.',0,1,'2012-01-03 16:05:40','2018-08-24 04:45:49'),(166,66,75,'Maxime consequuntur expedita dolore culpa qui. Reprehenderit dicta in ut rerum commodi expedita nulla. Ex quod qui ex consequatur. Impedit molestiae quas velit voluptatum recusandae. Sit corrupti velit nam enim minus.',1,1,'2016-04-05 21:34:53','2020-09-11 02:46:24'),(167,67,23,'Quo accusantium accusantium quisquam qui exercitationem magni. Odit explicabo odit dolorem reprehenderit optio rerum aliquid.',0,0,'2018-04-29 15:54:07','2020-09-11 02:46:24'),(168,68,40,'Facilis iste provident in delectus. Sit sed aliquid tenetur sit nemo dolorem.',1,0,'2016-06-25 13:52:36','2020-09-11 02:46:24'),(169,69,7,'Voluptatem quam enim non autem quod. Aperiam aut a suscipit repudiandae blanditiis accusamus fuga. Amet minus ullam et et nemo delectus.',1,1,'2019-08-08 23:18:37','2020-09-11 02:46:24'),(170,70,64,'Optio dolorem cupiditate fugit aut est in odit. Illum facilis est tenetur nihil sed quam. Earum laboriosam necessitatibus blanditiis quia illum facilis. Eligendi ea illum veniam. Minus accusantium dignissimos sapiente sed deleniti consectetur mollitia.',1,1,'2015-08-29 07:38:22','2018-11-12 23:59:40'),(171,71,5,'Occaecati voluptatibus in porro non quaerat consequuntur. Cumque adipisci nobis sunt saepe cumque aut. Facilis quis necessitatibus aut non.',1,1,'2020-03-12 18:22:45','2020-09-11 02:46:24'),(172,72,23,'Voluptas exercitationem doloremque omnis occaecati aperiam. Qui velit magni voluptatem et qui ut beatae. Sint et sunt quia excepturi et quo dolores. Dignissimos nostrum eum officia earum.',0,1,'2018-03-15 16:18:38','2020-07-16 11:19:39'),(173,73,38,'Perferendis totam quidem dolor officiis. Accusantium quas recusandae quam eligendi ea tempore.',1,0,'2013-05-18 14:37:28','2018-03-08 02:55:36'),(174,74,85,'In sed facilis animi quia ea ut repudiandae. Expedita beatae est repellat distinctio nihil enim.',0,1,'2012-08-17 17:47:15','2020-09-11 02:46:24'),(175,75,56,'In asperiores nobis voluptas provident tempora ratione. Pariatur odio eius corporis et necessitatibus aut libero. Ea et unde aut ullam maiores. Eos voluptas vitae incidunt et ipsa incidunt architecto.',1,1,'2012-07-10 01:42:48','2015-06-29 08:29:54'),(176,76,20,'Corrupti dolor tempora quidem. Quia placeat unde quod odit. Officiis repellat distinctio nihil qui ipsum eveniet.',1,1,'2017-09-08 10:15:16','2018-11-09 15:16:44'),(177,77,59,'Illo qui amet commodi in quod. Voluptatem voluptas et itaque sunt non cupiditate. Ut vel minus ipsum aspernatur. Quisquam nemo voluptatum deserunt sed iste occaecati sit quis. Quia alias suscipit cupiditate nam et cupiditate non.',0,1,'2016-11-15 20:49:18','2019-09-16 04:13:55'),(178,78,84,'Consectetur vitae perspiciatis quia et dolorem. Minima voluptas officiis ea facere ipsum. Ipsum quidem esse optio qui. Aut sunt perferendis et debitis.',0,1,'2016-06-23 08:39:18','2020-04-27 06:11:07'),(179,79,39,'Unde quaerat non autem reiciendis reiciendis provident maiores. Fuga qui iusto possimus eos neque. Vero vel earum a. Vel nam minus assumenda nostrum.',1,1,'2013-10-08 10:41:23','2020-09-11 02:46:24'),(180,80,74,'Voluptate aspernatur vel sint non exercitationem. Quos temporibus quam id maiores et accusamus maxime. Eos est provident omnis eum nesciunt ratione nisi.',0,1,'2014-10-18 00:23:30','2020-09-11 02:46:24'),(181,81,74,'Id et labore est et porro rerum tenetur. Distinctio iste laboriosam amet sint vel. Qui incidunt facere tempora eum quo quaerat.',0,0,'2015-01-04 10:36:37','2017-02-01 00:04:33'),(182,82,52,'Modi corrupti tenetur deserunt non. Ea nesciunt sunt exercitationem. Odit et sit ipsum vel et blanditiis cumque.',0,1,'2016-12-04 20:05:14','2020-09-11 02:46:24'),(183,83,2,'Et delectus et et quia quae. Modi eos id sit est sed corrupti. Est illo voluptatibus eius odio.',1,1,'2015-10-01 07:10:06','2019-05-05 11:26:26'),(184,84,45,'Vitae sunt consequuntur at et voluptatem necessitatibus. Voluptatibus vitae adipisci labore esse eaque reiciendis.',0,0,'2011-07-16 16:46:02','2017-04-26 05:00:53'),(185,85,60,'Sit tenetur eum et sunt. Voluptas eum quo corporis explicabo iste. Dolor praesentium officia consequatur hic dignissimos voluptatem quia neque. Consequatur et nobis eos distinctio sit error.',0,0,'2010-12-14 11:38:16','2014-01-12 12:37:47'),(186,86,24,'Vel neque eligendi nulla et velit. Voluptates et tempora blanditiis quos eaque. Amet ut sed rerum ullam minus provident eligendi debitis. Enim voluptas omnis ab maxime.',1,0,'2014-03-20 16:03:40','2014-11-11 22:08:12'),(187,87,53,'Esse nihil voluptas consequatur ut. Quis unde vel tempora quo mollitia. Tempora minus deleniti officiis nostrum id perspiciatis. Aut dignissimos neque magni minima.',0,1,'2012-12-27 09:51:20','2014-08-05 14:46:14'),(188,88,62,'Aut consequatur dignissimos accusamus. Cupiditate autem omnis officiis et. Numquam nostrum quis est consequuntur magnam eveniet. Quos a dolorem ut rerum.',1,1,'2013-04-03 10:18:31','2015-11-16 15:57:33'),(189,89,32,'Error placeat ea sint asperiores rerum qui dolor. Facere dignissimos explicabo blanditiis facilis eius at. Commodi repudiandae nulla et consequatur. Rem et voluptatum sit illum animi quis.',1,1,'2015-12-15 13:52:29','2016-06-07 17:04:20'),(190,90,25,'Nesciunt adipisci voluptates et dolores. Dolores dolore et esse dolorem esse inventore dolores occaecati.',1,0,'2018-06-02 07:56:41','2018-11-17 11:57:17'),(191,91,95,'Doloribus rerum consequuntur voluptatem excepturi voluptatum exercitationem. Non rerum voluptas qui omnis impedit dolores odio deleniti. Voluptatem asperiores aspernatur et omnis. Rem consequatur cumque et ducimus similique.',1,0,'2013-03-30 13:46:59','2017-11-16 04:35:53'),(192,92,92,'Deleniti excepturi illum blanditiis totam sed natus. Nemo ea odio in ad aperiam nobis dignissimos dolor.',0,0,'2019-12-20 01:55:52','2020-09-11 02:46:24'),(193,93,79,'Accusantium vel odio omnis excepturi ut omnis fuga. Fuga alias velit ipsam quaerat impedit libero. Consequatur magni vel laboriosam ut. Dolorem fuga dicta commodi asperiores assumenda reprehenderit. Ea ducimus deserunt molestiae occaecati molestiae.',1,0,'2013-03-02 08:37:03','2020-07-27 00:28:59'),(194,94,55,'Vitae quisquam alias quisquam optio quo qui reprehenderit. Officia praesentium velit mollitia. Consequatur aliquid iste quis omnis. Commodi harum incidunt dolore dolorum possimus optio.',1,1,'2013-07-22 01:57:04','2019-01-11 14:17:26'),(195,95,6,'Adipisci impedit non ut est nihil vitae. Velit ab placeat aliquid quod libero tempore magni. Nobis velit quidem velit in voluptates officiis sed assumenda. Nam qui illum in sequi labore.',0,0,'2010-12-14 10:04:22','2020-07-14 06:29:49'),(196,96,59,'Quia qui qui quia error reiciendis. Incidunt qui velit aspernatur aut. Qui a suscipit voluptas porro.',1,1,'2014-08-25 08:24:10','2018-06-17 21:42:27'),(197,97,80,'Molestiae repellat sapiente non dolores iure alias. Voluptatem ipsa nihil accusantium laboriosam aut. Distinctio inventore id eum expedita non.',0,1,'2016-03-11 19:19:42','2020-09-11 02:46:24'),(198,98,65,'Magnam aut quia eum eveniet. Dicta iure ut quas. Ullam rerum ut maiores a ratione minus. Aut quo blanditiis ipsam quas velit.',1,1,'2017-03-14 09:59:03','2020-09-11 02:46:24'),(199,99,76,'Facere amet autem est et inventore architecto. Necessitatibus qui veritatis tenetur et nam. Voluptates porro aut enim amet.',0,0,'2017-01-26 13:27:04','2020-09-11 02:46:24'),(200,100,58,'Sint accusamus facilis quas earum quo unde est. Dolores et sit eveniet possimus. Modi aut quam odio voluptate.',1,0,'2019-03-29 17:26:03','2020-09-11 02:46:24'),(201,1,11,'Repellat doloremque sit iure quae laboriosam. Sunt similique id qui voluptate quae ut alias. Inventore voluptas vel vel enim nisi.',1,1,'2018-12-14 17:52:45','2020-09-11 02:46:24'),(202,2,98,'Ea ipsum id est qui. Aut culpa est aspernatur repellendus. Laboriosam nisi cupiditate nemo eum est. A in nemo ad voluptatem facilis ea omnis quaerat.',1,1,'2017-05-28 00:09:26','2020-08-26 07:52:06'),(203,3,42,'Impedit rerum quis tenetur. Voluptatum qui et libero omnis omnis explicabo et. Quasi sint quae et velit quaerat sed delectus.',1,1,'2017-04-23 01:07:39','2019-10-25 20:31:00'),(204,4,57,'Ut molestiae quasi eaque non. Sed esse ut adipisci voluptatem sit sunt. Molestiae totam repellendus molestias quia est id pariatur. Natus voluptas est nihil.',1,1,'2020-06-26 06:46:57','2020-09-11 02:46:24'),(205,5,41,'Et inventore est voluptates. Earum consequatur et eum numquam. Incidunt quos architecto quaerat magni corrupti.',0,1,'2017-09-11 02:14:29','2020-09-11 02:46:24'),(206,6,51,'Officia unde eum similique sed. Soluta et cupiditate molestiae quia expedita. Odio accusantium quidem quidem minus.',1,0,'2017-10-22 12:23:55','2018-07-08 05:02:13'),(207,7,16,'Nam tenetur consequuntur possimus id nisi dolorem. Dicta voluptatem quia adipisci. Placeat impedit et vel suscipit et non.',1,0,'2012-07-23 23:20:53','2020-09-11 02:46:24'),(208,8,44,'Ab quisquam distinctio expedita saepe voluptas quasi ea. Necessitatibus dolores iste numquam ipsum eum vel. Facere temporibus dolores illum numquam nihil sed modi doloremque. Hic quo est optio est delectus porro omnis. Error ut sint quasi nisi saepe in quisquam.',1,0,'2010-10-17 10:37:29','2019-03-16 05:34:48'),(209,9,51,'Quibusdam est dolorum eos quis distinctio ipsa. Dicta quia cupiditate quo sapiente. Et vitae saepe consequuntur mollitia ut ex sunt. Dolorem fugit dolorem pariatur eius amet. Aut atque hic qui dicta laborum nemo assumenda.',1,1,'2011-11-15 05:38:52','2016-09-27 06:53:49'),(210,10,12,'Laudantium distinctio ad adipisci ipsa et. Numquam eos quia aspernatur quod qui. Deserunt optio repellendus rerum repudiandae quia.',0,0,'2011-07-13 01:47:58','2015-07-01 02:00:47'),(211,11,19,'Dolorem quis vel nisi nihil sed autem. Eum nisi quia assumenda aspernatur magnam ut. Eveniet voluptas quidem tenetur eius quo. Sunt officia natus eum harum odit unde.',0,0,'2016-03-09 23:59:23','2020-09-11 02:46:24'),(212,12,28,'Ducimus voluptas quo sit et. Ut vel voluptatibus provident dolorum nisi ex. Reprehenderit corrupti voluptas dolor in. Ducimus maxime ut corrupti ut explicabo nam et.',0,1,'2013-04-09 04:41:21','2020-09-11 02:46:24'),(213,13,47,'Libero odio repellendus sed cupiditate rerum. Ullam ut illo quis blanditiis qui. Consequatur voluptate ut aperiam sunt quis.',1,0,'2019-12-25 19:39:10','2020-09-11 02:46:24'),(214,14,54,'Doloribus rerum sit blanditiis hic unde eum. Incidunt ea adipisci optio quisquam. Saepe assumenda tempore deleniti quos. Nihil qui officia enim et officia nobis soluta.',1,0,'2010-09-13 22:06:28','2014-03-06 15:53:00'),(215,15,9,'Aut qui neque et et dolor. Numquam aut molestiae consectetur. Officia perspiciatis aperiam illum consequatur sed aliquam maxime. Officia provident earum in voluptatum sint.',1,1,'2014-11-21 15:01:34','2020-07-09 09:01:03'),(216,16,60,'At a facilis in suscipit sed distinctio est saepe. Doloremque sit nulla atque ipsam sed officiis vel molestiae. Libero eos et excepturi voluptatem. Magni sapiente consequatur fugit at quia sapiente.',1,1,'2019-02-21 10:07:32','2020-09-11 02:46:24'),(217,17,46,'Cumque ut beatae perspiciatis cum at ab. Mollitia in tempora consequatur et. Doloremque quibusdam laudantium asperiores quibusdam. Iure at velit dicta officiis quia voluptatum qui officia.',1,0,'2010-12-12 06:37:13','2019-03-28 16:57:46'),(218,18,29,'Non at blanditiis accusamus minus. Aspernatur ea recusandae dolorem quo. Consectetur iure perferendis velit iure. Ut optio quod alias sunt molestiae.',1,1,'2016-10-13 09:34:43','2020-08-13 06:00:15'),(219,19,79,'Laudantium cum molestiae sit et. Natus expedita eum omnis ut accusantium voluptate et hic. Cupiditate blanditiis tempore magni nihil temporibus voluptatem sit.',1,0,'2015-05-01 02:30:27','2020-09-11 02:46:24'),(220,20,55,'Sapiente veniam dolores nihil enim. Non modi pariatur a distinctio qui. Omnis repellat ratione esse eligendi.',1,0,'2012-07-22 18:35:56','2015-02-02 00:09:01'),(221,21,70,'Non eum reprehenderit et. Dignissimos et incidunt et error culpa veniam. Dolorem in voluptatem incidunt aut.',0,0,'2011-09-03 18:26:22','2012-10-31 06:56:15'),(222,22,98,'Deserunt adipisci magni esse et. Aliquid id repudiandae tempore eligendi ab atque est. Tempore quisquam maxime facilis aut ea.',1,0,'2011-02-20 06:47:07','2015-06-19 21:47:49'),(223,23,48,'Ducimus magnam consequuntur ad qui voluptatum accusamus quia. Omnis labore velit consequuntur atque nesciunt officiis officiis. Voluptatem in magni fugit officiis tenetur repellendus.',0,0,'2014-10-27 15:21:53','2020-02-15 02:36:47'),(224,24,49,'Autem doloribus ullam voluptatibus ratione. Tenetur odio quo consectetur autem. Inventore libero quo possimus enim voluptas. Quia voluptate iure odit quis.',1,0,'2014-12-18 08:01:59','2015-06-11 23:29:27'),(225,25,5,'Architecto laudantium quia tempore ipsa esse consequatur voluptatum. Maxime magni molestiae perspiciatis deserunt modi.',0,1,'2019-10-20 20:49:22','2020-09-11 02:46:24'),(226,26,24,'Dolorem nam et dicta dolor aut. Quasi at labore numquam cum et praesentium omnis qui. Eum atque aut natus in ea. Illum pariatur officia occaecati.',0,0,'2020-02-09 12:48:37','2020-09-11 02:46:24'),(227,27,37,'Eaque dolorem voluptate ducimus ut magni. Dolores rerum voluptatibus quis. Sint nihil labore quia porro. Excepturi officiis ex corporis illum ad dignissimos at.',1,1,'2019-11-28 21:30:28','2020-09-11 02:46:24'),(228,28,31,'Dicta soluta voluptas quis praesentium. Commodi in quisquam saepe nam. Sequi in nemo aut voluptas voluptas sequi.',0,0,'2012-08-30 12:26:47','2020-09-11 02:46:24'),(229,29,86,'Et et est voluptatem et magni. Dolore libero ad eaque magni quam. Harum expedita ut vel et. Eos dolorem quaerat amet.',1,1,'2012-11-09 19:57:27','2013-03-15 23:53:35'),(230,30,54,'Recusandae quidem voluptatem exercitationem tempora sed impedit quam. Eius optio corrupti et minima sed aut voluptate. Quis recusandae expedita fuga eum voluptates voluptas ab.',0,0,'2016-10-23 16:43:05','2020-09-11 02:46:24'),(231,31,10,'Quia ad rem ut ipsum eveniet qui consequuntur. Dolorem ad deleniti non corrupti consectetur provident labore praesentium. Velit numquam autem aut expedita minima. Laboriosam non distinctio fuga ut aliquid dolorem vitae.',1,0,'2017-02-22 16:37:25','2018-08-23 15:45:14'),(232,32,9,'Iusto ullam ut itaque omnis in. Id quis aliquam in cum error rem blanditiis. Rem occaecati dolorem quae sint. Iure animi qui et corporis.',1,1,'2017-07-19 23:14:05','2020-09-11 02:46:24'),(233,33,40,'Quia tenetur saepe asperiores et at. Deleniti non asperiores odio maxime repellat sunt hic. Optio soluta fugiat sunt sint pariatur.',1,0,'2011-03-02 20:32:20','2013-03-26 02:00:48'),(234,34,2,'Fugiat quas tempore officia architecto magni fugit molestiae maiores. Molestias fuga nam asperiores in praesentium ut. Incidunt sint ipsa sunt voluptatum assumenda est ipsum vero.',0,1,'2015-06-28 11:10:48','2020-09-11 02:46:24'),(235,35,5,'Quidem dolores aliquid est qui. Voluptatem adipisci eum qui est nisi sed. Saepe pariatur sequi illo quis.',1,0,'2014-05-03 02:28:52','2019-08-27 09:09:00'),(236,36,71,'Aspernatur id vel non et dolor et. Maxime aliquid excepturi rerum quia sint. Autem omnis aperiam molestiae et quo perferendis autem. Molestias pariatur quia expedita quae enim hic temporibus.',0,0,'2013-09-20 18:16:54','2020-09-11 02:46:24'),(237,37,10,'Impedit adipisci quaerat dolor rerum qui sint. Accusantium consequuntur deserunt autem quibusdam culpa quia. Repudiandae velit commodi ut dolorum corporis nam. Accusamus vel sit et.',1,0,'2017-04-08 05:34:29','2020-09-11 02:46:24'),(238,38,2,'Aut dolorum itaque qui sunt delectus veniam odio. In doloremque suscipit pariatur nemo. In deleniti nulla dolores animi quia sunt. Commodi voluptates blanditiis sed aut qui doloremque qui.',1,1,'2012-06-13 21:42:09','2018-09-13 10:53:39'),(239,39,93,'Quia voluptate error sed. Facilis voluptatem ut et odio. Excepturi numquam ullam et et ut. Rem dolorum similique explicabo iusto quia et quasi.',0,0,'2020-06-07 16:42:55','2020-09-11 02:46:24'),(240,40,40,'Fugiat voluptatem placeat vel dolor molestias quod quia. Rerum deleniti et error deleniti. Quos qui et saepe repudiandae hic error similique. Illo autem tempore molestiae.',0,0,'2014-07-11 03:56:03','2020-09-11 02:46:24'),(241,41,42,'Qui ut sapiente enim sit error saepe eum. Ut nesciunt corporis delectus aut quia. Id animi sed vel ut ab eum. Voluptates similique molestiae voluptatem dolorem sed sunt. Et ratione est minus nisi sed ea.',0,0,'2013-06-01 17:58:20','2015-06-29 17:50:21'),(242,42,70,'Quas a ut perspiciatis magni repellat. Repellendus omnis dolor consequatur tempore nobis. Itaque sit iusto et temporibus velit fugiat quo. Maiores vel sunt eius voluptates fuga sit qui.',0,0,'2013-07-09 03:51:01','2015-02-11 22:06:44'),(243,43,16,'Libero earum officiis vero illo consequatur neque quae. Atque adipisci suscipit aliquam error quaerat. Amet corporis nulla eum iure aut. Rerum sit quia quas aliquam.',1,1,'2016-11-22 18:52:48','2017-05-13 02:46:03'),(244,44,33,'Ex dolores eum vel. Qui aperiam sint voluptate. Corporis inventore voluptas velit debitis eaque placeat non quibusdam. Maiores iure atque error recusandae consequatur exercitationem.',1,0,'2012-01-05 03:13:32','2017-04-04 21:15:53'),(245,45,80,'Quas minus repellendus vel quas. Consectetur consequuntur tenetur repellat voluptas ratione. Autem aut eum quo qui.',1,0,'2012-01-15 09:32:50','2020-09-11 02:46:24'),(246,46,19,'Voluptas omnis ad rerum et esse. Sit culpa sit nemo dignissimos deserunt. Pariatur consequatur corrupti consequatur et aliquid. Nam hic ducimus voluptas dolore architecto molestiae voluptate.',1,1,'2011-02-25 00:27:34','2016-02-18 06:21:24'),(247,47,32,'Voluptas fugiat suscipit ratione voluptatibus consequatur similique aut. Consequatur eveniet itaque ut qui porro eaque beatae. Et fugiat aliquam consequuntur dolor eligendi corrupti id iusto. Velit est expedita esse nobis accusamus aut.',0,0,'2015-11-06 21:43:41','2017-09-25 11:00:36'),(248,48,26,'Modi similique impedit at delectus et. Voluptas asperiores omnis eveniet aliquid ipsa. Autem aut debitis laboriosam reiciendis dolorem atque nam quae.',1,1,'2019-11-02 10:51:00','2020-09-11 02:46:24'),(249,49,50,'Necessitatibus molestiae facere quia. Itaque cumque ipsam expedita maxime. Assumenda illum assumenda ut aut autem ex et ratione. Delectus molestiae ut itaque velit voluptates quia.',1,0,'2014-01-07 09:40:13','2014-08-23 03:42:49'),(250,50,32,'Tempore earum et officia autem. Qui rerum tempore sunt aut sapiente. Explicabo quia quis omnis dolorum neque. Velit consequatur itaque fuga ut omnis.',1,1,'2017-07-10 02:44:03','2019-06-06 06:18:26'),(251,51,35,'Atque veritatis est modi consequatur omnis ipsa aut. Facilis ut tempora iure optio dolor nemo natus.',0,0,'2020-03-09 22:03:22','2020-09-11 02:46:24'),(252,52,7,'Velit hic recusandae exercitationem distinctio. Nulla voluptatibus illo nihil voluptatibus tempore. Atque qui facilis molestiae quos vitae eos. Rerum incidunt aut dignissimos sequi itaque debitis molestias. Numquam quos quae repellendus voluptas.',0,1,'2017-10-30 18:45:26','2019-11-15 07:02:30'),(253,53,18,'Voluptatibus iste nobis explicabo accusamus eligendi reiciendis et quia. Nostrum enim et dolor molestiae. Architecto et sunt atque rerum delectus id.',1,1,'2020-02-22 09:49:43','2020-09-11 02:46:24'),(254,54,16,'Pariatur et cumque et id voluptates quasi rem modi. Sequi ipsam soluta ipsa modi ut. Quidem veritatis sed quod illum repudiandae.',0,0,'2011-09-10 20:32:00','2020-09-11 02:46:24'),(255,55,24,'Quisquam quo voluptatem qui nisi doloribus. Asperiores optio nemo iure quas. Maxime ut rerum consectetur. Blanditiis sapiente quaerat natus magnam repellendus in sequi.',1,0,'2015-06-26 05:46:31','2015-07-26 07:14:12'),(256,56,42,'Nihil incidunt aut est officia dolor asperiores dolor. Sed quod et reprehenderit quo qui quos vero. Maiores accusantium et delectus non.',0,1,'2016-03-27 10:36:11','2020-09-11 02:46:24'),(257,57,96,'Et provident non vel sit. Dolores consectetur minus quas dolores. Dolore suscipit commodi velit temporibus harum. Autem perspiciatis ut eius fugit ea repudiandae repudiandae.',1,0,'2017-10-11 12:29:42','2019-02-22 07:35:27'),(258,58,80,'Nisi facere ex expedita omnis. Omnis vitae nemo sunt provident voluptas blanditiis. Molestias nulla blanditiis quod adipisci aliquam.',1,0,'2016-11-18 10:32:20','2020-09-11 02:46:24'),(259,59,81,'Sit et repellendus sunt in adipisci. Sit et pariatur necessitatibus esse. Aliquam consequatur tenetur et corporis voluptas aut optio.',1,1,'2014-03-05 04:57:28','2020-09-11 02:46:24'),(260,60,81,'Dolorem quo autem aut alias. Perspiciatis ut enim ut possimus ad. Iure aspernatur aut ab voluptatem illum autem. Nisi nostrum maiores harum consequuntur dolore architecto eum. Dolores ratione necessitatibus et atque consequatur odit.',1,0,'2017-02-21 00:33:04','2020-09-11 02:46:24'),(261,61,56,'Id dignissimos assumenda numquam rerum incidunt quisquam. Omnis nulla sint sit. Voluptatem ad non dolor corrupti iusto.',0,0,'2013-06-23 23:26:03','2013-08-18 10:24:57'),(262,62,69,'Ut atque rerum quod dolores consequuntur ipsam odio et. Fugit nam quo aperiam illum quaerat aliquid dignissimos. Odio dolor est ut aut. Tenetur ipsa molestiae exercitationem at ratione beatae.',1,1,'2011-06-07 22:45:19','2011-11-22 22:20:41'),(263,63,41,'Officia ab velit placeat qui. Assumenda quae soluta ullam saepe numquam autem sapiente. Occaecati in quis sed aliquam veritatis. Minus rerum praesentium sunt illum.',1,1,'2016-09-04 01:13:13','2020-09-11 02:46:24'),(264,64,61,'Ut voluptatem laudantium dicta est qui ab. Aut sint soluta deserunt tenetur officia. Fugit sed voluptatem nobis quidem. Id libero quod illo et est.',1,1,'2012-12-26 16:32:32','2013-11-22 15:16:41'),(265,65,45,'Rerum esse optio et tempora ut neque enim qui. Inventore sint amet error cupiditate atque dolor error. Ea mollitia fugiat placeat.',1,1,'2018-11-08 23:44:31','2020-09-11 02:46:24'),(266,66,41,'Nam praesentium quod quidem ex quia ut. Dolorum assumenda deleniti necessitatibus dolores. Fugiat aperiam at et eum laudantium odio totam. Et qui aut quis.',1,1,'2015-09-23 23:15:54','2019-04-27 20:01:04'),(267,67,8,'Eum dolorem omnis dolores aperiam id. Provident est non quaerat sunt. Quam nemo assumenda necessitatibus est aut fugit et odit.',0,0,'2011-07-20 21:10:33','2018-07-21 21:30:15'),(268,68,2,'Inventore adipisci rerum nesciunt exercitationem. Cupiditate provident dolor incidunt id. Veritatis aut repellendus rerum ut quod nostrum magnam. Quis ut odit in sunt quia tenetur corporis.',0,1,'2011-10-18 23:42:49','2012-08-27 12:15:01'),(269,69,7,'Sed sit labore quibusdam doloribus ipsam quae. Facilis quis rerum consequatur consectetur nobis nisi. Ducimus est voluptas nobis officiis harum eum.',1,1,'2013-09-23 16:46:51','2020-04-29 11:27:55'),(270,70,22,'Molestiae harum labore blanditiis qui sunt veritatis. Qui et ullam voluptatum est. Qui dolorem quia rerum. Et cupiditate et tenetur nihil enim voluptatem. Tempore deserunt aliquid eum debitis modi repudiandae.',1,0,'2011-06-01 15:18:37','2014-03-03 06:29:13'),(271,71,37,'Est temporibus non iste vel reprehenderit iure id blanditiis. Fugiat eius voluptas magni ullam fugit. Et magni minima autem minus velit unde iste. Iste sed quasi aspernatur non rerum magnam error ad.',1,1,'2015-04-24 02:22:38','2017-04-25 15:30:17'),(272,72,17,'In voluptate quae sit excepturi quod corporis. Minus ratione sequi itaque ea blanditiis nam sapiente nisi. Distinctio quod aspernatur necessitatibus dolor. Aliquid quae sit dolores est omnis ipsam dicta tempore.',0,1,'2011-04-30 02:07:09','2017-02-01 14:04:02'),(273,73,49,'Voluptas sint et nam repudiandae voluptas voluptas. Distinctio non repudiandae et dolor. Explicabo odit aliquam esse est.',1,0,'2012-10-13 19:32:36','2015-12-11 16:56:15'),(274,74,77,'Officia mollitia reprehenderit sint fugit officia eveniet aspernatur. Dolores occaecati quibusdam dolore ad mollitia. Quidem voluptatem sit vero sunt aperiam ut.',1,1,'2019-05-06 08:51:01','2020-09-11 02:46:24'),(275,75,10,'Officiis sed voluptas molestiae alias sequi. Inventore est incidunt non eum et. Autem minima in sit corrupti. Eum porro autem asperiores repudiandae ut earum praesentium.',0,0,'2010-09-25 10:13:01','2020-03-23 09:26:10'),(276,76,7,'Iusto quasi impedit inventore perferendis. Repellendus optio provident est illum ut minima. Est in asperiores voluptatem tempora fuga qui accusantium. Iste est dicta qui iure consectetur architecto qui. Amet et commodi sint aut soluta consequatur.',1,1,'2015-02-21 07:01:45','2020-09-11 02:46:24'),(277,77,46,'Possimus incidunt qui hic id rem. Id iure necessitatibus sunt ex officiis. Soluta porro aliquam id corporis dolorem ab nam. Et nihil autem natus dolores qui iure.',0,1,'2019-01-11 21:37:11','2020-09-11 02:46:24'),(278,78,18,'Magni totam aut temporibus est aut impedit ipsum. Officiis excepturi repudiandae sed voluptatem quod vitae veritatis. Ut ut sit eos reiciendis non atque neque. Nisi voluptatem sed est molestiae non vel.',0,0,'2020-09-07 09:58:27','2020-09-11 02:46:24'),(279,79,12,'Aut occaecati rerum sunt eveniet corrupti expedita et. Quos aut quia libero.',1,0,'2011-10-04 04:07:07','2012-06-02 11:41:59'),(280,80,44,'Voluptas expedita commodi illum sit quaerat. Libero quis quidem et at quod. Ipsum minima nihil rerum incidunt. Animi vel quibusdam nobis in tempore.',1,1,'2012-11-12 10:08:30','2019-05-07 19:37:54'),(281,81,77,'Praesentium velit dolorem non. Nam et excepturi a sequi similique cum natus. Tempora perferendis delectus natus quis. Fuga omnis sint qui aspernatur consequatur.',1,0,'2011-09-07 05:55:07','2016-12-28 06:12:21'),(282,82,91,'Dolorum aut ducimus et ex id pariatur qui. Doloremque porro architecto accusantium delectus. Reprehenderit qui deleniti omnis dolor.',1,0,'2012-01-31 10:30:21','2015-09-03 00:07:30'),(283,83,44,'Laboriosam error odio ratione cum rerum soluta harum. Doloribus exercitationem earum sequi et. Omnis minus repudiandae eum veritatis magnam.',0,0,'2017-01-29 04:20:49','2020-09-11 02:46:24'),(284,84,42,'Adipisci qui nulla blanditiis molestiae sint harum ut. Odio tempore voluptas libero facilis voluptas. Nobis porro sint repudiandae.',1,1,'2013-06-27 09:46:52','2019-02-12 23:26:01'),(285,85,55,'Adipisci quis aspernatur excepturi rem molestiae impedit enim est. Qui ratione neque rerum iure aut laudantium. Ex nostrum eum nobis suscipit. Et sit id sapiente culpa autem rem.',1,0,'2017-04-23 20:59:40','2020-09-11 02:46:24'),(286,86,64,'Qui nobis temporibus distinctio consequatur adipisci. Soluta reprehenderit et doloribus rerum nostrum animi. Nihil voluptate aut itaque adipisci consequuntur. Itaque nihil exercitationem ullam ullam dolor.',1,1,'2015-06-20 13:41:04','2017-08-06 16:42:46'),(287,87,93,'Rerum voluptatum sed repudiandae qui eum. Velit et quia impedit. Qui et omnis vel illo quia fuga architecto. Pariatur est qui nam atque eum at fugit voluptatem.',0,1,'2018-03-01 17:24:40','2020-09-11 02:46:24'),(288,88,30,'Non sit autem recusandae sit sit. Voluptatem veritatis non et vel voluptas. Alias ex sed inventore adipisci. Minima et ea ut nihil pariatur voluptas aut.',0,1,'2011-07-28 05:04:52','2020-09-11 02:46:24'),(289,89,90,'Voluptate nostrum id deserunt minus et pariatur consequatur. Sed mollitia delectus omnis reiciendis aut. Nisi ea libero id nulla nulla quidem. Et rerum est magnam eos sint.',0,1,'2018-07-11 18:07:29','2020-09-11 02:46:24'),(290,90,69,'Distinctio voluptates optio et rerum sapiente iure voluptas. Est ratione dolore odio autem dolorum. Dolorum perspiciatis rerum deleniti voluptatibus consequatur est dolorem perspiciatis.',1,0,'2018-08-14 12:28:18','2020-09-01 14:40:48'),(291,91,50,'Minima sint ut voluptates in distinctio. Esse perferendis non voluptas fuga et est. Suscipit vel enim esse id neque molestiae.',1,1,'2019-06-26 02:19:39','2020-09-11 02:46:24'),(292,92,55,'Consequatur vel ea et non suscipit eum. Dolorem tenetur voluptatem officiis aut quae omnis eveniet numquam. Quaerat ad iure consectetur ratione hic.',0,0,'2014-06-29 18:02:42','2015-11-27 23:31:17'),(293,93,66,'Expedita distinctio qui reprehenderit recusandae unde rerum. Delectus facere aut rem corporis sunt dicta. Laborum molestiae eveniet aut.',1,0,'2013-02-08 14:04:16','2020-09-11 02:46:24'),(294,94,19,'Perspiciatis iure quam architecto ex quod autem voluptatem. Commodi quisquam eum consectetur. Consequatur vel necessitatibus velit ullam quia aut.',0,0,'2019-10-07 10:26:33','2020-06-24 19:30:09'),(295,95,14,'Doloremque blanditiis ipsam illum deserunt. Quaerat omnis laudantium inventore sapiente quia est ut non. Quae ad ut fugiat eaque perferendis adipisci explicabo animi.',1,0,'2015-04-07 05:14:27','2016-08-07 22:48:05'),(296,96,4,'Voluptate aut aut quisquam veniam unde. Cum vero molestias libero aut et aliquid id est. Sunt eos deserunt aut dolor voluptatem sit temporibus. Ipsam magnam quasi corrupti tenetur minus omnis.',0,1,'2012-06-16 20:12:28','2016-07-08 15:28:58'),(297,97,38,'Possimus expedita et exercitationem sit a quia. Eos voluptatem qui vero veritatis. Natus repellat quia est fugiat tempora culpa. Aperiam eos voluptatem sed est.',0,1,'2018-02-19 07:50:31','2020-09-11 02:46:24'),(298,98,74,'Numquam est fugiat quo deleniti aut quis. Aut deleniti id nam quam quasi. Debitis et amet rem excepturi exercitationem voluptatem culpa. Architecto ea occaecati laudantium provident sit.',1,0,'2017-01-13 22:54:37','2020-07-16 05:15:54'),(299,99,99,'Qui accusantium sunt ex occaecati totam non voluptatem. Consequatur odit maiores quia atque aspernatur. Quo quo et rem quaerat dicta eos ut. Sapiente et eveniet illum ullam.',0,0,'2017-04-30 11:56:01','2020-09-11 02:46:24'),(300,100,70,'Iste officia iusto natus et voluptate sed. Totam sint minima hic delectus officia officia eum eveniet. Porro dolor amet assumenda nihil et. Rerum laudantium sed nam. Occaecati iste est ab et.',1,1,'2020-04-03 17:33:58','2020-09-11 02:46:24');
/*!40000 ALTER TABLE `messages` ENABLE KEYS */;
UNLOCK TABLES;

--
-- Table structure for table `profiles`
--

DROP TABLE IF EXISTS `profiles`;
/*!40101 SET @saved_cs_client     = @@character_set_client */;
/*!50503 SET character_set_client = utf8mb4 */;
CREATE TABLE `profiles` (
  `user_id` int unsigned NOT NULL COMMENT 'Ссылка на пользователя',
  `gender` char(1) CHARACTER SET utf8 COLLATE utf8_unicode_ci NOT NULL COMMENT 'Пол',
  `birthday` date DEFAULT NULL COMMENT 'Дата рождения',
  `photo_id` int unsigned DEFAULT NULL COMMENT 'Ссылка на основную фотографию пользователя',
  `user_status_id` int unsigned DEFAULT NULL,
  `city` varchar(130) CHARACTER SET utf8 COLLATE utf8_unicode_ci DEFAULT NULL COMMENT 'Город проживания',
  `country` varchar(130) CHARACTER SET utf8 COLLATE utf8_unicode_ci DEFAULT NULL COMMENT 'Страна проживания',
  `created_at` datetime DEFAULT CURRENT_TIMESTAMP COMMENT 'Время создания строки',
  `updated_at` datetime DEFAULT CURRENT_TIMESTAMP ON UPDATE CURRENT_TIMESTAMP COMMENT 'Время обновления строки',
  PRIMARY KEY (`user_id`)
) ENGINE=InnoDB DEFAULT CHARSET=utf8 COLLATE=utf8_unicode_ci COMMENT='Профили';
/*!40101 SET character_set_client = @saved_cs_client */;

--
-- Dumping data for table `profiles`
--

LOCK TABLES `profiles` WRITE;
/*!40000 ALTER TABLE `profiles` DISABLE KEYS */;
INSERT INTO `profiles` VALUES (1,'f','1976-07-10',14,1,'Pfannerstillfort','Cote d\'Ivoire','2017-02-14 23:50:53','2020-09-11 02:43:15'),(2,'m','2004-03-24',4,1,'Port Viva','Canada','2015-12-03 18:08:09','2020-09-11 02:43:15'),(3,'m','1997-07-13',80,4,'North Thelmahaven','Haiti','2014-07-24 17:15:35','2020-09-11 02:43:15'),(4,'m','1999-12-29',87,3,'New Roel','Micronesia','2013-04-10 04:03:48','2020-09-11 02:43:15'),(5,'f','1975-08-29',93,3,'Lindgrenshire','Netherlands','2011-12-23 10:51:02','2020-09-11 02:43:15'),(6,'f','2015-01-09',4,2,'New Kale','Western Sahara','2011-05-20 20:39:02','2020-09-11 02:43:15'),(7,'m','1980-11-26',40,3,'New Lillian','Saint Barthelemy','2012-07-08 15:00:41','2020-09-11 02:43:15'),(8,'f','2001-06-20',86,3,'North Dorotheaborough','Faroe Islands','2019-10-13 08:45:43','2020-09-11 02:43:15'),(9,'f','1971-03-14',12,3,'Goldnerburgh','Sri Lanka','2014-09-07 06:06:58','2020-09-11 02:43:15'),(10,'m','1981-08-03',100,3,'Port Othachester','Egypt','2011-04-13 08:14:09','2020-09-11 02:43:15'),(11,'f','1972-04-30',62,1,'Clemmieville','Maldives','2016-04-12 16:27:14','2020-09-11 02:43:15'),(12,'f','2019-03-18',10,1,'East Sheridan','Peru','2014-10-16 06:54:10','2020-09-11 02:43:15'),(13,'m','1984-06-14',66,1,'West Reillyfort','Vietnam','2015-09-21 03:56:58','2020-09-11 02:43:15'),(14,'f','2020-08-28',98,4,'Lake Eliseo','Eritrea','2017-06-21 14:11:06','2020-09-11 02:43:15'),(15,'f','2011-11-17',91,3,'West Kiarra','Marshall Islands','2015-03-19 15:32:03','2020-09-11 02:43:15'),(16,'f','1995-02-26',59,1,'Port Pearlie','French Polynesia','2017-02-17 15:31:09','2020-09-11 02:43:15'),(17,'f','1992-11-14',25,4,'West Johnniemouth','Canada','2011-04-26 01:39:45','2020-09-11 02:43:15'),(18,'f','2005-04-16',44,2,'New Donavonview','Isle of Man','2011-12-20 19:57:10','2020-09-11 02:43:15'),(19,'m','1974-11-16',46,4,'Prohaskaburgh','Anguilla','2019-09-27 07:13:41','2020-09-11 02:43:15'),(20,'f','2017-06-06',98,2,'North Glenna','Palestinian Territory','2014-10-20 23:35:04','2020-09-11 02:43:15'),(21,'m','2015-11-29',51,3,'New Eloiseland','Cyprus','2018-05-04 00:40:18','2020-09-11 02:43:15'),(22,'m','2006-06-14',59,3,'Port Gregoriomouth','Iraq','2015-02-07 16:42:39','2020-09-11 02:43:15'),(23,'f','2013-07-19',42,4,'Annalisechester','Czech Republic','2015-02-09 07:39:23','2020-09-11 02:43:15'),(24,'f','1987-12-18',32,2,'North Kayaview','Gibraltar','2017-10-05 21:33:02','2020-09-11 02:43:15'),(25,'m','2007-08-31',36,4,'East Sonnyberg','Estonia','2017-12-08 04:29:34','2020-09-11 02:43:15'),(26,'f','2016-12-27',83,4,'Breannaberg','Bulgaria','2013-10-06 15:33:56','2020-09-11 02:43:15'),(27,'m','2002-05-06',6,4,'Cliffordborough','Bosnia and Herzegovina','2018-04-14 05:49:24','2020-09-11 02:43:15'),(28,'m','1979-03-09',82,3,'Huelsville','Sri Lanka','2016-05-02 17:34:58','2020-09-11 02:43:15'),(29,'f','2009-06-02',90,1,'Port Darron','Austria','2013-09-20 06:45:50','2020-09-11 02:43:15'),(30,'m','2015-12-08',3,2,'Heaneyberg','Bangladesh','2011-10-27 01:08:22','2020-09-11 02:43:15'),(31,'m','1971-06-17',47,2,'South Shaina','Swaziland','2013-03-12 05:57:54','2020-09-11 02:43:15'),(32,'f','2004-12-09',23,4,'New Michele','Tokelau','2018-06-19 09:13:43','2020-09-11 02:43:15'),(33,'f','1975-09-16',75,4,'Auermouth','Mexico','2012-09-01 09:43:55','2020-09-11 02:43:15'),(34,'m','1992-09-06',3,4,'Kaileeborough','Cameroon','2012-10-17 12:15:11','2020-09-11 02:43:15'),(35,'f','1974-06-18',93,3,'Babytown','Guyana','2014-02-05 04:55:00','2020-09-11 02:43:15'),(36,'f','2019-03-03',54,2,'New Tillmantown','Zimbabwe','2016-10-15 22:28:06','2020-09-11 02:43:15'),(37,'m','1983-08-29',91,1,'Candiceville','Sweden','2014-12-10 14:09:26','2020-09-11 02:43:15'),(38,'f','2008-11-13',94,4,'South Royce','Antigua and Barbuda','2018-09-29 21:16:07','2020-09-11 02:43:15'),(39,'f','2016-04-20',93,4,'Lake Pansychester','Saint Vincent and the Grenadines','2014-07-22 08:07:22','2020-09-11 02:43:15'),(40,'m','1976-12-23',85,4,'Lake Judy','Chile','2013-09-03 16:50:37','2020-09-11 02:43:15'),(41,'f','1994-08-17',44,4,'South Casimerside','Swaziland','2015-07-25 07:59:39','2020-09-11 02:43:15'),(42,'f','1982-09-01',65,2,'North Stephania','Lithuania','2019-01-11 02:25:17','2020-09-11 02:43:15'),(43,'f','1997-02-03',95,1,'North Catharine','Cameroon','2011-04-10 05:05:55','2020-09-11 02:43:15'),(44,'m','1987-02-12',76,1,'West Jewelfort','Uruguay','2011-09-12 16:10:13','2020-09-11 02:43:15'),(45,'m','1993-09-29',98,3,'Lake Lonnie','Papua New Guinea','2015-03-06 18:25:47','2020-09-11 02:43:15'),(46,'m','1970-09-24',58,3,'Port Kaileyfurt','Italy','2012-01-11 12:57:04','2020-09-11 02:43:15'),(47,'f','2000-01-15',96,1,'O\'Konport','Austria','2018-06-13 23:52:51','2020-09-11 02:43:15'),(48,'f','2004-12-11',6,2,'Jamaalberg','Rwanda','2011-07-03 01:58:28','2020-09-11 02:43:15'),(49,'f','1998-04-22',41,4,'Lake Joannestad','Saint Martin','2016-10-24 14:48:49','2020-09-11 02:43:15'),(50,'m','1986-06-04',86,3,'Schaeferton','Bahamas','2012-04-04 10:33:00','2020-09-11 02:43:15'),(51,'m','2008-01-02',8,3,'Port Maxie','India','2016-12-24 00:05:48','2020-09-11 02:43:15'),(52,'m','1991-10-05',80,2,'Oberbrunnerside','Latvia','2014-10-04 16:41:50','2020-09-11 02:43:15'),(53,'f','2016-01-23',76,4,'Jordonshire','Italy','2017-08-10 14:09:35','2020-09-11 02:43:15'),(54,'m','1974-12-14',38,1,'Coltshire','Saint Pierre and Miquelon','2010-11-30 18:52:55','2020-09-11 02:43:15'),(55,'m','1972-12-12',62,1,'South Esperanzaside','Mayotte','2017-07-08 03:38:41','2020-09-11 02:43:15'),(56,'f','1978-07-10',98,4,'South Mariahbury','Madagascar','2019-10-26 18:06:29','2020-09-11 02:43:15'),(57,'m','1974-11-22',1,2,'South Moisesburgh','Grenada','2018-02-10 06:27:19','2020-09-11 02:43:15'),(58,'m','1976-05-04',12,2,'Idaland','Mali','2019-02-18 12:08:01','2020-09-11 02:43:15'),(59,'f','2003-01-24',57,1,'Medhurstbury','Heard Island and McDonald Islands','2012-10-26 23:18:00','2020-09-11 02:43:15'),(60,'m','1979-09-23',48,1,'Port Kyleeland','Oman','2019-05-10 12:20:18','2020-09-11 02:43:15'),(61,'f','2016-04-03',70,1,'West Matildeberg','Svalbard & Jan Mayen Islands','2020-07-07 23:09:52','2020-09-11 02:43:15'),(62,'f','1995-08-18',6,3,'South Karinehaven','Cameroon','2013-05-01 13:44:36','2020-09-11 02:43:15'),(63,'m','1983-12-14',19,2,'Josephfort','Paraguay','2018-06-15 12:37:38','2020-09-11 02:43:15'),(64,'m','2016-06-08',76,2,'Nedrashire','Maldives','2011-10-06 01:30:35','2020-09-11 02:43:15'),(65,'m','1991-11-04',22,3,'West Albertland','Togo','2017-06-12 05:58:18','2020-09-11 02:43:15'),(66,'f','1996-07-16',81,1,'East Donna','Barbados','2013-05-03 20:14:13','2020-09-11 02:43:15'),(67,'f','2007-11-05',41,1,'Abbottstad','Ethiopia','2013-06-19 09:13:03','2020-09-11 02:43:15'),(68,'m','2015-12-04',58,4,'Jettieland','Serbia','2015-11-08 23:34:27','2020-09-11 02:43:15'),(69,'f','2016-04-04',69,2,'Allieport','Lesotho','2016-12-07 09:40:48','2020-09-11 02:43:15'),(70,'m','1977-06-05',70,3,'Port Triston','United States of America','2016-02-19 17:40:23','2020-09-11 02:43:15'),(71,'m','1985-08-13',41,2,'Kaylinview','Martinique','2018-09-10 09:53:03','2020-09-11 02:43:15'),(72,'m','1984-12-31',95,2,'West Eliseo','Burundi','2011-05-02 05:50:32','2020-09-11 02:43:15'),(73,'f','2003-09-24',50,1,'Lake Adrianastad','Denmark','2018-12-23 20:16:15','2020-09-11 02:43:15'),(74,'m','1972-05-26',65,3,'East Crystal','Christmas Island','2015-04-04 04:35:33','2020-09-11 02:43:15'),(75,'m','2003-08-22',75,2,'Antoniettahaven','Cayman Islands','2011-11-06 12:04:45','2020-09-11 02:43:15'),(76,'f','2006-12-26',80,3,'New Tom','Montserrat','2018-01-01 04:11:41','2020-09-11 02:43:15'),(77,'m','2007-07-02',73,2,'Swaniawskiport','Armenia','2016-02-10 16:23:49','2020-09-11 02:43:15'),(78,'m','2018-08-14',27,3,'Port Chaya','Antigua and Barbuda','2018-08-09 18:47:45','2020-09-11 02:43:15'),(79,'m','1998-01-18',15,3,'Lake Keenanchester','Cayman Islands','2015-03-13 16:19:30','2020-09-11 02:43:15'),(80,'f','2004-08-20',95,3,'South Tristinville','Moldova','2016-03-22 23:14:31','2020-09-11 02:43:15'),(81,'m','2008-10-28',27,3,'South Donnyton','Micronesia','2013-05-15 16:25:49','2020-09-11 02:43:15'),(82,'m','1987-05-18',50,2,'Doylebury','Czech Republic','2012-02-02 13:24:39','2020-09-11 02:43:15'),(83,'f','1981-06-18',68,2,'Reichertfort','Greece','2015-06-16 09:20:16','2020-09-11 02:43:15'),(84,'f','1975-06-01',90,3,'North Angusbury','Senegal','2013-11-16 20:43:32','2020-09-11 02:43:15'),(85,'m','1978-05-07',48,4,'Jaylonfort','Saint Martin','2013-12-15 12:17:58','2020-09-11 02:43:15'),(86,'f','1988-05-24',66,3,'East Keon','Sao Tome and Principe','2018-11-24 12:47:18','2020-09-11 02:43:15'),(87,'f','1989-07-16',87,4,'Gutkowskichester','Togo','2013-01-15 07:20:58','2020-09-11 02:43:15'),(88,'f','1987-12-09',34,1,'South Denisfurt','Rwanda','2016-03-27 15:22:18','2020-09-11 02:43:15'),(89,'f','2003-10-10',12,3,'Coraland','Japan','2013-02-25 22:27:05','2020-09-11 02:43:15'),(90,'m','2010-02-22',56,3,'South Yvette','Papua New Guinea','2014-01-10 08:55:50','2020-09-11 02:43:15'),(91,'m','1986-03-10',44,1,'Schultzmouth','Niger','2019-06-13 23:45:39','2020-09-11 02:43:15'),(92,'m','1998-04-29',50,1,'Amberburgh','Antarctica (the territory South of 60 deg S)','2019-07-11 10:28:04','2020-09-11 02:43:15'),(93,'f','1998-12-13',19,2,'Walkerton','Australia','2013-11-17 09:32:25','2020-09-11 02:43:15'),(94,'m','1996-01-06',42,4,'North Dannyview','Morocco','2020-08-21 18:29:43','2020-09-11 02:43:15'),(95,'m','1981-06-06',54,3,'New Monserrat','British Indian Ocean Territory (Chagos Archipelago)','2011-06-16 02:11:47','2020-09-11 02:43:15'),(96,'m','2001-12-16',44,4,'East Amayaburgh','Ghana','2017-04-22 19:12:08','2020-09-11 02:43:15'),(97,'f','1980-07-28',57,2,'Hermanview','Guam','2017-10-29 05:17:25','2020-09-11 02:43:15'),(98,'f','1973-05-20',51,4,'South Rebekahaven','Sierra Leone','2019-12-16 05:46:19','2020-09-11 02:43:15'),(99,'m','2004-05-13',85,2,'Katlynmouth','South Africa','2012-08-09 04:45:34','2020-09-11 02:43:15'),(100,'f','2011-08-04',72,4,'Schinnerview','Isle of Man','2018-12-31 10:36:33','2020-09-11 02:43:15');
/*!40000 ALTER TABLE `profiles` ENABLE KEYS */;
UNLOCK TABLES;

--
-- Table structure for table `user_statuses`
--

DROP TABLE IF EXISTS `user_statuses`;
/*!40101 SET @saved_cs_client     = @@character_set_client */;
/*!50503 SET character_set_client = utf8mb4 */;
CREATE TABLE `user_statuses` (
  `id` int unsigned NOT NULL AUTO_INCREMENT COMMENT 'Идентификатор строки',
  `name` varchar(100) NOT NULL COMMENT 'Название статуса (уникально)',
  `created_at` datetime NOT NULL DEFAULT CURRENT_TIMESTAMP COMMENT 'Время создания строки',
  `updated_at` datetime DEFAULT CURRENT_TIMESTAMP ON UPDATE CURRENT_TIMESTAMP COMMENT 'Время обновления строки',
  PRIMARY KEY (`id`)
) ENGINE=InnoDB AUTO_INCREMENT=5 DEFAULT CHARSET=utf8mb4 COLLATE=utf8mb4_0900_ai_ci COMMENT='Справочник стран';
/*!40101 SET character_set_client = @saved_cs_client */;

--
-- Dumping data for table `user_statuses`
--

LOCK TABLES `user_statuses` WRITE;
/*!40000 ALTER TABLE `user_statuses` DISABLE KEYS */;
INSERT INTO `user_statuses` VALUES (1,'single','2020-09-11 02:25:02','2020-09-11 02:25:02'),(2,'married','2020-09-11 02:25:02','2020-09-11 02:25:02'),(3,'have a friend','2020-09-11 02:27:59','2020-09-11 02:27:59'),(4,'Actively looking','2020-09-11 02:27:59','2020-09-11 02:27:59');
/*!40000 ALTER TABLE `user_statuses` ENABLE KEYS */;
UNLOCK TABLES;

--
-- Table structure for table `users`
--

DROP TABLE IF EXISTS `users`;
/*!40101 SET @saved_cs_client     = @@character_set_client */;
/*!50503 SET character_set_client = utf8mb4 */;
CREATE TABLE `users` (
  `id` int unsigned NOT NULL AUTO_INCREMENT COMMENT 'Идентификатор строки',
  `first_name` varchar(100) CHARACTER SET utf8 COLLATE utf8_unicode_ci NOT NULL COMMENT 'Имя пользователя',
  `last_name` varchar(100) CHARACTER SET utf8 COLLATE utf8_unicode_ci NOT NULL COMMENT 'Фамилия пользователя',
  `email` varchar(100) CHARACTER SET utf8 COLLATE utf8_unicode_ci NOT NULL COMMENT 'Почта',
  `phone` varchar(100) CHARACTER SET utf8 COLLATE utf8_unicode_ci NOT NULL COMMENT 'Телефон',
  `created_at` datetime DEFAULT CURRENT_TIMESTAMP COMMENT 'Время создания строки',
  `updated_at` datetime DEFAULT CURRENT_TIMESTAMP ON UPDATE CURRENT_TIMESTAMP COMMENT 'Время обновления строки',
  PRIMARY KEY (`id`),
  UNIQUE KEY `email` (`email`),
  UNIQUE KEY `phone` (`phone`)
) ENGINE=InnoDB AUTO_INCREMENT=101 DEFAULT CHARSET=utf8 COLLATE=utf8_unicode_ci COMMENT='Пользователи';
/*!40101 SET character_set_client = @saved_cs_client */;

--
-- Dumping data for table `users`
--

LOCK TABLES `users` WRITE;
/*!40000 ALTER TABLE `users` DISABLE KEYS */;
INSERT INTO `users` VALUES (1,'Evelyn','Tromp','adalberto.carter@example.org','+64(4)7826706887','2014-07-12 18:52:20','2018-03-10 20:00:08'),(2,'Arianna','Hodkiewicz','awiegand@example.net','(960)088-4645','2014-03-13 07:04:14','2018-08-16 16:46:17'),(3,'Monica','Toy','bernhard.danial@example.net','1-515-632-4188','2017-07-11 08:37:46','2017-12-31 06:12:52'),(4,'Timmothy','Ferry','caroline.hahn@example.net','(629)381-0115x72757','2010-12-28 21:35:48','2011-02-13 10:51:54'),(5,'Arturo','Greenholt','turner49@example.org','1-481-557-5260','2014-05-23 04:20:51','2020-09-11 02:37:40'),(6,'Shemar','Kassulke','emilia.mayer@example.org','636-525-5488x32891','2011-04-18 01:47:35','2015-02-04 19:05:04'),(7,'Maryjane','Hauck','estel07@example.com','539.610.2843x456','2015-07-12 23:22:50','2015-09-20 17:09:50'),(8,'Walker','Hegmann','christine94@example.org','1-244-294-5027','2011-01-08 04:45:21','2018-06-06 06:24:39'),(9,'Euna','Grimes','kaden.aufderhar@example.net','989.556.7380','2011-03-13 08:41:38','2016-12-23 03:45:49'),(10,'Zane','Lebsack','o\'connell.fausto@example.net','691-595-6537','2012-09-26 00:28:41','2012-12-24 10:05:19'),(11,'Abigale','Reichel','marilie.ward@example.net','1-477-943-2402x998','2017-06-22 09:50:52','2020-09-11 02:37:40'),(12,'Regan','Weissnat','bayer.chanelle@example.net','(651)784-8655x79214','2014-11-28 09:36:26','2015-01-11 06:59:56'),(13,'Nathan','Russel','zelma94@example.org','(861)063-5722','2016-05-28 02:21:10','2016-10-16 22:34:07'),(14,'Greta','Wunsch','ross.nolan@example.com','966-068-8953x7663','2016-01-09 08:59:47','2020-05-12 12:24:47'),(15,'Dorthy','Russel','shannon57@example.org','+90(0)9932677407','2010-10-10 11:46:21','2017-12-28 22:59:46'),(16,'Fausto','Miller','kunde.nina@example.org','823.896.7125x98907','2010-12-03 18:35:13','2015-10-24 22:29:59'),(17,'Ethelyn','Cronin','shyann.gleason@example.com','(054)707-5247x020','2011-07-05 10:43:52','2014-08-31 02:48:29'),(18,'Beverly','Ziemann','leif.boyer@example.com','570-207-8968x1059','2015-10-18 22:39:56','2020-09-11 02:37:40'),(19,'Makenna','Gusikowski','orodriguez@example.net','799-613-8635x771','2012-10-19 13:16:19','2020-09-11 02:37:40'),(20,'Jeanette','Yundt','xzavier.rau@example.com','(807)877-3836x73911','2016-08-28 23:20:02','2020-09-11 02:37:40'),(21,'Jewel','Predovic','amely97@example.net','972-265-0505','2018-04-30 10:47:30','2020-09-11 02:37:40'),(22,'Nikko','O\'Kon','serena80@example.org','289.684.6312','2014-01-01 18:29:06','2014-09-11 20:38:39'),(23,'Arnulfo','Yundt','ayundt@example.com','1-787-426-4812','2012-01-22 05:11:08','2016-07-28 19:57:42'),(24,'Victor','Reinger','streich.vaughn@example.org','(210)937-1057x16061','2010-12-13 11:47:02','2016-10-09 10:00:08'),(25,'Luella','O\'Hara','serenity24@example.com','907-879-7127x131','2012-12-06 03:33:19','2019-10-14 17:16:12'),(26,'Melvina','Dach','charber@example.org','501-613-7771x1791','2014-03-28 16:45:11','2020-09-11 02:37:40'),(27,'Fredrick','Luettgen','mallory46@example.net','07082731186','2017-08-04 01:04:30','2020-07-12 22:28:34'),(28,'Camron','Hickle','audie.hintz@example.org','343.233.4309x1985','2015-07-07 04:38:12','2020-09-11 02:37:40'),(29,'Luigi','Batz','champlin.neva@example.org','(060)735-5366x45278','2019-06-12 23:14:32','2020-09-11 02:37:40'),(30,'Adah','Steuber','blanda.oren@example.com','196.619.7817x1832','2015-08-17 13:23:22','2017-02-14 14:50:00'),(31,'Parker','Cartwright','yost.sheridan@example.org','09214244369','2016-09-13 06:57:29','2018-06-06 06:58:57'),(32,'Ahmed','Lebsack','kayla68@example.com','398.860.1169','2017-12-14 02:48:24','2020-09-11 02:37:40'),(33,'Coralie','Erdman','satterfield.alisa@example.com','07185383115','2016-10-11 12:38:56','2020-09-11 02:37:40'),(34,'Chadd','Schaden','olubowitz@example.net','(639)345-8900x9622','2013-12-13 06:29:45','2020-01-29 09:16:15'),(35,'Melba','Cummings','itowne@example.net','129-942-2726','2020-04-06 11:35:33','2020-09-11 02:37:40'),(36,'Kylee','Homenick','antone12@example.com','00761958615','2014-09-04 20:26:31','2020-09-11 02:37:40'),(37,'Nikko','Marks','telly.ritchie@example.com','(326)564-0873x90432','2014-11-03 13:30:51','2020-09-11 02:37:40'),(38,'Grayson','Murphy','naomi90@example.com','(135)704-3128','2019-04-29 05:05:29','2020-09-11 02:37:40'),(39,'Geraldine','Rath','chelsea25@example.com','1-832-272-7623','2012-11-06 19:16:21','2020-08-14 09:55:31'),(40,'Leopold','Lynch','ressie.macejkovic@example.com','420.803.4464','2012-05-20 23:16:03','2012-07-21 08:42:22'),(41,'Patience','Mertz','lexie.donnelly@example.com','168.147.3220','2018-02-20 04:49:25','2020-09-11 02:37:40'),(42,'Barton','Homenick','jessyca.renner@example.com','177.725.8404x91189','2011-07-06 19:02:22','2020-01-28 04:12:04'),(43,'Horace','Will','rebecca.smith@example.net','614-578-9541','2011-07-25 16:30:52','2013-10-04 01:07:41'),(44,'Shayne','Okuneva','zcrona@example.com','436.470.3329','2012-11-07 12:10:15','2014-07-20 14:02:13'),(45,'Noble','Pfeffer','erika68@example.net','1-520-314-7010x0090','2020-03-18 20:54:16','2020-09-11 02:37:40'),(46,'Alfredo','Corwin','rodolfo.frami@example.com','(735)314-1761','2012-09-20 16:24:44','2013-07-02 09:19:22'),(47,'Herbert','Robel','sanford27@example.org','(628)929-9461x8864','2019-02-10 23:57:11','2020-09-11 02:37:40'),(48,'Royal','Olson','braun.jesus@example.net','1-916-397-0429x232','2016-03-13 10:49:06','2018-04-12 23:08:42'),(49,'Laury','Emard','npagac@example.org','1-169-602-2678x71675','2011-08-04 06:13:07','2020-06-17 17:33:54'),(50,'Cesar','Price','sipes.kris@example.com','(158)968-7567','2011-05-26 05:05:27','2019-12-18 00:24:33'),(51,'Dusty','Towne','maritza31@example.org','522-425-4118x2165','2012-10-01 06:04:05','2019-01-12 09:17:53'),(52,'Dejah','Homenick','lhintz@example.com','175.182.3683x8469','2019-03-10 06:38:28','2020-09-11 02:37:40'),(53,'Alda','Tillman','mcclure.vicenta@example.com','370.594.2445','2017-03-18 05:01:03','2018-08-27 17:35:15'),(54,'Mohamed','D\'Amore','jovany79@example.com','1-391-906-4637x751','2014-02-15 09:44:13','2017-01-14 03:45:04'),(55,'Adelbert','Lueilwitz','enola79@example.net','(352)005-9612x854','2012-01-03 23:46:55','2019-03-27 17:51:24'),(56,'Duane','Bailey','jaren87@example.org','1-017-066-5556','2016-12-18 15:10:04','2020-09-11 02:37:40'),(57,'Justyn','McKenzie','beatrice68@example.com','1-597-118-6359','2015-08-25 09:23:57','2020-09-11 02:37:40'),(58,'Margarette','Mosciski','cedrick69@example.net','(553)990-5159x342','2015-10-16 06:19:20','2020-09-11 02:37:40'),(59,'Zena','Grady','kraig.effertz@example.com','167-155-6992','2017-08-25 08:16:22','2020-09-11 02:37:40'),(60,'Yasmine','Nicolas','dorothea.pacocha@example.com','07917461120','2016-02-07 16:01:57','2020-04-27 08:58:29'),(61,'Edwardo','Wilderman','mosciski.erich@example.org','725.586.3950','2015-08-23 14:53:31','2020-09-11 02:37:40'),(62,'Suzanne','Dare','bradford20@example.com','686-796-2236x56303','2012-01-31 06:29:26','2013-03-09 05:55:22'),(63,'Kyra','Emmerich','jones.raoul@example.com','1-414-730-9476','2015-01-30 01:32:12','2015-08-07 03:57:41'),(64,'Audreanne','Pfeffer','xwhite@example.org','+59(7)8557211390','2012-06-07 01:48:33','2020-09-11 02:37:40'),(65,'Trisha','Hayes','egibson@example.com','158-019-0329','2017-01-16 20:25:45','2020-09-11 02:37:40'),(66,'Earl','Yost','abernathy.vivienne@example.org','232.383.8922','2020-03-12 04:58:45','2020-09-11 02:37:40'),(67,'Rebeka','Johnston','paul47@example.net','045.735.0807x8179','2020-04-28 06:34:41','2020-09-11 02:37:40'),(68,'Jammie','Feest','dallas57@example.com','1-708-485-4805x5674','2010-11-07 17:58:02','2016-07-20 07:47:16'),(69,'Reagan','Barton','kyra16@example.org','1-293-485-1989x0627','2012-08-03 13:33:12','2019-03-02 03:14:39'),(70,'Lois','Bartell','hassie00@example.net','(549)999-7174x58852','2014-07-21 06:07:43','2014-11-16 06:16:48'),(71,'Daniella','Stracke','novella.bauch@example.org','211-547-9615','2018-09-20 02:29:30','2020-09-11 02:37:40'),(72,'Darron','Stamm','lthiel@example.net','(084)053-0964x398','2018-11-03 17:55:03','2020-09-11 02:37:40'),(73,'Abner','Dickens','lkilback@example.net','(235)148-9529x016','2019-12-20 20:17:51','2020-09-11 02:37:40'),(74,'Alessandro','Schaefer','oconroy@example.com','247-213-5046x777','2013-06-16 19:23:35','2014-08-31 01:46:17'),(75,'Cicero','Trantow','manuela80@example.com','416-279-7821x643','2014-12-12 23:01:01','2018-05-29 18:43:46'),(76,'Melyssa','O\'Hara','maeve.olson@example.org','640-313-2596x8541','2016-12-27 07:01:42','2020-09-11 02:37:40'),(77,'Camden','Dickinson','pcormier@example.net','1-973-512-9518x0272','2020-03-11 11:12:07','2020-09-11 02:37:40'),(78,'Gerda','Vandervort','aadams@example.net','448-829-9203','2011-06-16 23:07:34','2013-05-19 15:06:54'),(79,'Frederik','Conroy','junius.torphy@example.org','217.586.2892x73261','2014-10-29 16:39:35','2017-07-30 12:47:02'),(80,'Eino','Rolfson','clementina.sanford@example.com','(329)968-1416','2020-07-30 11:27:55','2020-09-11 02:37:40'),(81,'Alessandro','Rath','hirthe.willie@example.org','(030)427-2608x220','2015-07-05 22:04:59','2017-12-31 22:19:48'),(82,'Tod','Dickinson','omurphy@example.net','007-856-4846','2015-05-02 00:29:55','2018-02-01 05:07:30'),(83,'Kieran','Williamson','cframi@example.net','131.457.8977','2014-08-09 00:59:05','2020-09-11 02:37:40'),(84,'Lowell','Fahey','carmelo.runolfsdottir@example.org','139.853.9542x649','2010-09-21 02:04:32','2013-10-22 12:50:48'),(85,'Abdul','Kovacek','clementine.botsford@example.net','(791)276-9390','2017-11-16 20:51:11','2018-08-13 00:36:46'),(86,'Jasmin','O\'Reilly','ihowe@example.org','1-668-198-9168x0588','2018-10-26 21:35:03','2020-09-11 02:37:40'),(87,'Madalyn','Haley','frieda81@example.com','+58(3)2993127677','2013-07-21 04:49:10','2020-09-11 02:37:40'),(88,'Shyanne','Ernser','ubaldo52@example.net','(378)457-5942','2017-09-05 23:09:52','2020-09-11 02:37:40'),(89,'Kiara','Langosh','eldora.vandervort@example.org','(957)776-9175x76555','2014-03-02 01:20:15','2015-11-24 11:21:40'),(90,'Fredy','Mayer','aboehm@example.com','+68(9)6289664512','2017-11-02 03:00:39','2018-03-08 20:25:14'),(91,'Antwan','Raynor','taryn13@example.org','+43(3)7755472705','2017-05-09 22:24:41','2020-09-11 02:37:40'),(92,'Skylar','Bauch','jermain81@example.com','+22(6)2469540769','2016-08-23 13:21:35','2018-02-23 03:11:35'),(93,'Glenna','Glover','donald.fadel@example.org','(730)851-5251x7403','2013-12-01 17:03:23','2013-12-02 09:05:12'),(94,'Timothy','Grady','haylee.schimmel@example.com','816.662.0928x0207','2020-05-16 20:57:00','2020-09-11 02:37:40'),(95,'Maxime','Stark','katelynn.gleason@example.net','1-719-687-9823','2015-03-05 09:58:50','2016-05-04 15:32:52'),(96,'Victoria','Padberg','alexandrea.will@example.net','+08(3)1760373129','2014-09-15 19:27:38','2020-09-11 02:37:40'),(97,'Calista','Jaskolski','rschimmel@example.net','665.793.0418x708','2012-02-23 18:44:10','2020-02-24 18:27:18'),(98,'Stuart','Dickens','carrie81@example.com','(636)031-0756','2010-12-18 17:14:46','2012-02-28 05:42:37'),(99,'Opal','Collier','kelsi36@example.org','1-880-721-5472','2011-11-15 17:04:58','2016-07-12 08:41:20'),(100,'Dalton','Wunsch','ottilie.kris@example.net','06100422594','2011-06-27 10:49:15','2020-01-16 22:50:06');
/*!40000 ALTER TABLE `users` ENABLE KEYS */;
UNLOCK TABLES;
/*!40103 SET TIME_ZONE=@OLD_TIME_ZONE */;

/*!40101 SET SQL_MODE=@OLD_SQL_MODE */;
/*!40014 SET FOREIGN_KEY_CHECKS=@OLD_FOREIGN_KEY_CHECKS */;
/*!40014 SET UNIQUE_CHECKS=@OLD_UNIQUE_CHECKS */;
/*!40101 SET CHARACTER_SET_CLIENT=@OLD_CHARACTER_SET_CLIENT */;
/*!40101 SET CHARACTER_SET_RESULTS=@OLD_CHARACTER_SET_RESULTS */;
/*!40101 SET COLLATION_CONNECTION=@OLD_COLLATION_CONNECTION */;
/*!40111 SET SQL_NOTES=@OLD_SQL_NOTES */;

-- Dump completed on 2020-09-11  3:43:17
