"1","blanditiis","2017-01-14 19:39:20","2019-02-02 21:11:26",
"2","perspiciatis","2011-09-01 12:02:29","2014-08-28 17:12:37",
"3","non","2013-06-23 09:33:21","2012-06-09 20:06:01",
"4","et","2014-02-01 22:41:14","2015-05-09 02:35:07",
"5","eaque","2014-02-15 16:23:56","2011-09-13 08:46:31",
"6","nobis","2016-12-24 08:29:45","2012-01-17 13:44:46",
"7","consequatur","2020-02-25 09:32:15","2011-11-14 09:01:11",
"8","quia","2016-11-02 04:26:50","2016-02-19 01:20:43",
"9","veritatis","2019-05-31 06:03:49","2016-03-28 09:43:36",
"10","laudantium","2013-06-13 04:15:54","2018-08-29 14:14:38",
"11","vel","2017-01-02 01:03:22","2011-01-28 08:39:24",
"12","iste","2017-07-04 23:32:35","2013-01-23 16:28:59",
"13","laboriosam","2015-04-26 10:21:21","2017-04-01 05:38:52",
"14","placeat","2017-09-15 12:55:29","2011-05-29 08:35:51",
"15","culpa","2018-02-21 22:14:49","2019-06-03 14:26:06",
"16","doloribus","2017-05-15 17:23:47","2018-11-13 02:32:19",
"17","hic","2011-11-19 11:34:46","2015-06-20 12:32:19",
"18","debitis","2016-04-14 18:44:00","2020-03-09 20:42:06",
"19","mollitia","2016-11-21 06:03:00","2014-01-14 17:18:40",
"20","labore","2011-07-02 11:29:43","2020-09-01 07:16:14",
"21","fugit","2018-01-14 02:34:49","2012-04-11 03:44:13",
"22","architecto","2012-02-02 22:12:53","2020-02-15 19:09:20",
"23","ipsam","2019-06-04 20:11:05","2016-07-26 06:17:48",
"24","fuga","2011-08-02 04:59:48","2011-03-31 21:14:20",
"25","asperiores","2020-03-30 23:56:14","2011-06-14 16:16:40",
"26","sequi","2012-03-04 10:14:59","2010-11-14 02:22:58",
"27","autem","2011-08-18 19:42:43","2010-11-12 09:54:00",
"28","omnis","2012-12-10 13:37:21","2018-02-14 05:06:13",
"29","tempora","2011-01-05 05:55:52","2012-08-21 06:25:48",
"30","rerum","2014-11-29 22:01:03","2019-04-10 15:22:12",
"31","sapiente","2013-02-05 03:53:59","2018-10-03 02:19:27",
"32","facilis","2014-09-01 13:58:46","2013-09-16 13:04:34",
"33","dolore","2017-12-03 17:39:58","2018-10-31 00:50:51",
"34","explicabo","2015-03-14 20:32:08","2015-06-09 09:22:25",
"35","magni","2019-03-22 09:10:39","2012-04-08 18:43:16",
"36","aut","2011-07-12 18:48:14","2015-01-22 04:26:00",
"37","sit","2019-06-03 09:39:05","2014-01-02 05:59:58",
"38","qui","2018-07-31 00:21:00","2019-05-21 05:38:46",
"39","sed","2016-07-17 09:54:19","2016-10-09 08:20:21",
"40","dolorum","2012-01-25 23:06:29","2016-03-06 10:31:54",
"41","quis","2019-06-28 19:52:22","2017-06-27 23:28:34",
"42","ut","2014-05-07 23:27:25","2015-05-09 05:20:03",
"43","voluptatibus","2015-02-17 16:24:46","2012-07-27 20:47:05",
"44","voluptatem","2018-04-25 14:00:13","2012-04-22 02:07:00",
"45","beatae","2013-03-04 18:06:28","2018-02-18 21:01:02",
"46","corporis","2017-03-25 05:07:23","2017-08-15 12:05:45",
"47","id","2014-02-16 17:29:27","2016-06-29 11:18:12",
"48","est","2018-02-28 10:40:10","2012-09-13 22:08:19",
"49","quos","2018-12-02 18:06:36","2014-07-30 07:06:44",
"50","numquam","2020-05-27 19:28:01","2019-11-22 04:32:51",
"51","officiis","2014-09-13 02:29:28","2015-10-23 11:25:07",
"52","voluptas","2013-08-16 13:34:52","2012-12-29 18:48:15",
"53","tempore","2011-07-05 15:25:51","2011-11-27 14:39:44",
"54","molestiae","2017-01-09 04:10:55","2019-11-22 22:06:19",
"55","soluta","2012-06-18 20:32:55","2019-02-10 03:32:07",
"56","minus","2019-08-30 03:06:48","2015-04-28 23:55:12",
"57","cum","2018-03-08 00:27:55","2010-09-07 20:11:51",
"58","dignissimos","2012-01-29 12:58:53","2016-07-17 03:01:51",
"59","eos","2017-05-09 14:10:15","2014-01-11 02:40:27",
"60","perferendis","2015-08-05 03:13:16","2013-11-02 08:19:16",
"61","quam","2020-06-28 13:09:04","2020-05-10 16:28:58",
"62","optio","2018-09-09 13:27:53","2017-04-24 23:39:23",
"63","a","2016-04-01 20:12:52","2012-02-27 00:10:58",
"64","aperiam","2015-12-20 05:29:33","2013-07-14 04:09:10",
"65","eum","2020-01-09 06:40:16","2011-07-02 12:11:36",
"66","dolorem","2019-09-20 11:00:24","2018-10-04 21:18:51",
"67","saepe","2016-06-14 03:58:57","2018-12-13 00:21:31",
"68","minima","2013-06-02 01:03:10","2017-12-15 21:43:44",
"69","natus","2012-04-08 06:59:28","2010-12-08 08:55:39",
"70","reiciendis","2014-08-21 03:10:30","2019-04-28 03:21:48",
"71","deserunt","2012-02-27 01:23:13","2017-12-16 07:00:46",
"72","odio","2013-09-02 18:21:34","2013-07-15 19:57:47",
"73","nam","2013-08-07 20:03:46","2010-09-22 00:06:05",
"74","illum","2016-05-26 09:14:55","2012-11-10 22:49:15",
"75","alias","2017-09-21 17:35:58","2014-02-14 22:24:43",
"76","eligendi","2015-01-04 19:33:29","2016-04-15 12:12:23",
"77","necessitatibus","2015-03-22 21:23:44","2013-01-07 11:35:06",
"78","suscipit","2019-10-28 19:30:49","2016-05-12 19:57:47",
"79","accusamus","2018-06-16 05:36:51","2015-06-20 21:45:13",
"80","aspernatur","2015-04-12 11:50:09","2013-07-05 14:52:33",
"81","possimus","2014-05-12 02:06:38","2015-02-13 20:17:00",
"82","rem","2012-09-05 14:42:41","2016-04-10 13:55:16",
"83","earum","2020-06-28 20:37:52","2014-09-27 20:52:44",
"84","libero","2013-04-27 19:18:24","2017-03-28 21:12:18",
"85","veniam","2010-10-10 21:43:24","2015-02-27 11:19:31",
"86","tenetur","2013-04-26 15:03:03","2011-09-22 23:36:08",
"87","impedit","2013-12-11 23:03:55","2012-10-30 16:38:38",
"88","exercitationem","2019-06-02 17:06:17","2015-09-24 07:18:29",
"89","incidunt","2013-08-01 15:59:26","2017-05-11 08:54:37",
"90","in","2016-06-03 09:15:42","2011-12-30 12:17:32",
"91","maxime","2016-10-12 18:42:18","2012-12-20 06:08:27",
"92","quae","2017-07-06 11:37:21","2015-01-01 07:52:44",
"93","nihil","2012-10-26 03:54:14","2015-07-27 20:49:33",
"94","ea","2012-03-20 22:23:20","2018-09-27 14:11:23",
"95","accusantium","2017-08-28 22:53:39","2014-10-10 17:23:41",
"96","velit","2019-03-20 14:14:17","2011-02-02 18:30:00",
"97","illo","2015-01-12 07:07:09","2018-10-05 23:53:05",
"98","nemo","2019-08-29 21:14:03","2011-08-23 12:22:34",
"99","fugiat","2011-01-22 16:53:24","2019-12-08 12:17:09",
"100","voluptate","2012-02-08 12:30:14","2018-12-06 08:59:30",
"101","totam","2019-10-13 01:34:39","2017-10-19 10:01:32",
"102","ab","2017-01-21 03:41:55","2018-03-06 14:55:47",
"103","delectus","2018-03-20 10:08:32","2013-03-20 17:55:14",
"104","quas","2012-01-07 05:51:51","2014-06-28 16:21:16",
"105","nisi","2011-08-26 15:02:28","2019-03-26 01:42:00",
"106","adipisci","2015-05-11 15:55:13","2013-08-03 18:56:25",
"107","deleniti","2011-05-27 17:00:39","2011-04-24 01:04:54",
"108","pariatur","2017-06-03 01:41:27","2015-06-07 15:22:54",
"109","dicta","2020-09-05 11:54:10","2019-01-29 04:03:16",
"110","officia","2015-02-10 07:38:02","2012-10-01 03:11:12",
"111","facere","2013-09-08 04:03:54","2011-01-03 20:43:10",
"112","consectetur","2011-04-25 12:50:24","2020-03-01 22:08:00",
"113","consequuntur","2016-02-11 04:20:51","2014-04-17 02:51:20",
"114","nostrum","2013-07-20 05:42:44","2016-04-11 02:30:05",
"115","eius","2019-12-18 01:29:16","2014-09-28 00:18:30",
"116","ullam","2016-04-23 07:47:10","2018-01-17 17:44:43",
"117","cumque","2020-02-04 09:52:22","2015-10-12 03:48:29",
"118","amet","2013-06-21 14:51:50","2011-03-21 08:57:30",
"119","esse","2013-08-04 19:43:22","2011-05-16 12:38:48",
"120","vero","2011-11-06 03:12:09","2016-11-01 20:59:17",
"121","molestias","2016-01-12 15:52:05","2019-04-23 16:21:54",
"122","doloremque","2015-02-03 20:52:18","2014-02-23 23:07:03",
"123","occaecati","2012-10-18 15:51:49","2014-09-21 22:02:41",
"124","ex","2016-07-14 09:45:44","2018-03-07 13:50:40",
"125","itaque","2020-02-12 09:25:11","2016-12-03 10:01:23",
"126","nulla","2015-04-02 11:59:59","2018-09-17 05:20:54",
"127","quibusdam","2016-11-07 02:34:31","2019-02-22 03:34:13",
"128","enim","2014-10-25 05:19:29","2017-10-22 19:32:50",
"129","voluptatum","2018-12-14 22:31:37","2012-05-17 00:16:47",
"130","quisquam","2011-03-21 22:08:55","2014-09-25 21:01:24",
"131","modi","2019-05-25 10:52:05","2013-03-02 10:19:19",
"132","iusto","2012-06-10 17:22:07","2016-03-14 22:03:48",
"133","assumenda","2015-10-19 15:45:16","2015-10-21 08:28:08",
"134","dolor","2011-07-30 06:03:36","2019-05-26 17:16:56",
"135","sint","2011-11-04 11:19:34","2016-12-24 01:13:24",
"136","ipsa","2019-12-16 05:29:04","2013-12-07 09:51:18",
"137","nesciunt","2020-01-22 04:26:11","2017-04-19 17:33:07",
"138","corrupti","2016-07-22 23:06:14","2018-12-27 03:03:42",
"139","at","2019-05-01 13:08:33","2012-05-03 14:23:48",
"140","recusandae","2011-08-06 08:25:20","2016-09-22 03:42:47",
"141","commodi","2018-10-17 21:46:11","2014-04-30 09:29:24",
"142","quaerat","2016-03-28 20:41:37","2013-05-11 03:46:50",
"143","distinctio","2015-02-25 22:51:30","2014-04-28 02:41:02",
"144","quo","2014-03-03 14:18:09","2014-11-09 08:49:54",
"145","repudiandae","2019-10-24 03:31:57","2017-02-10 07:55:21",
"146","ratione","2012-12-07 07:47:06","2011-03-21 16:51:27",
"147","inventore","2017-01-11 06:46:25","2015-05-26 08:57:17",
"148","dolores","2018-08-07 05:36:59","2018-08-30 07:47:38",
"149","iure","2020-05-28 20:09:01","2015-10-02 15:46:34",
"150","provident","2013-09-16 11:09:51","2014-11-12 15:36:08",
