"1","603","1","2018-03-24 20:48:47","2019-12-13 00:49:14","2017-06-11 23:08:34","2012-04-02 15:56:46",
"2","71","2","2018-05-23 19:05:13","2016-01-12 20:38:39","2013-11-21 04:28:49","2011-07-11 17:02:52",
"3","953","3","2016-09-07 14:51:41","2017-07-21 16:27:35","2013-12-13 04:49:21","2015-03-17 10:39:30",
"4","395","1","2020-01-28 02:41:40","2010-10-11 18:40:19","2011-12-20 06:47:25","2016-03-24 07:04:18",
"5","453","2","2017-02-27 03:32:54","2013-06-25 01:33:20","2016-06-01 16:07:30","2017-07-15 21:27:55",
"6","420","3","2016-11-07 18:15:53","2018-02-05 21:32:13","2016-06-14 17:06:01","2019-02-13 02:05:38",
"7","518","1","2015-02-13 18:56:52","2014-02-19 21:10:52","2014-06-19 21:45:45","2017-02-28 15:26:51",
"8","85","2","2017-04-09 20:09:31","2019-06-05 06:16:16","2014-04-22 15:26:04","2011-08-01 10:24:49",
"9","827","3","2011-10-23 14:18:20","2014-02-25 04:48:55","2012-02-27 06:00:23","2020-01-24 14:51:03",
"10","744","1","2014-11-08 17:17:10","2017-03-28 02:37:44","2018-08-20 17:18:26","2013-03-21 23:02:12",
"11","287","2","2012-03-17 21:36:39","2012-01-18 12:17:47","2017-12-25 01:35:17","2015-09-16 12:19:56",
"12","501","3","2013-01-07 09:58:02","2012-09-19 12:53:26","2015-05-16 13:59:21","2012-02-13 00:59:08",
"13","551","1","2020-07-02 01:06:39","2018-09-02 17:44:18","2011-12-20 21:45:52","2014-12-24 00:51:02",
"14","819","2","2013-03-18 15:16:28","2012-09-13 22:16:18","2014-06-27 16:26:39","2011-08-19 05:32:31",
"15","265","3","2016-07-12 06:54:09","2019-04-11 04:11:04","2014-11-22 23:11:05","2011-03-31 16:03:32",
"16","992","1","2016-07-27 19:16:49","2012-08-30 17:08:53","2014-12-22 12:13:41","2016-10-29 15:10:16",
"17","517","2","2015-11-17 19:17:08","2011-03-23 23:01:21","2013-09-24 22:55:08","2014-04-23 06:37:58",
"18","225","3","2020-02-01 11:46:15","2012-04-17 08:31:43","2013-07-22 10:56:50","2014-08-29 18:20:37",
"19","842","1","2014-02-16 08:47:50","2016-05-17 06:34:42","2013-04-25 01:54:07","2019-10-09 15:25:41",
"20","677","2","2015-01-09 12:53:06","2016-07-06 20:53:22","2013-12-08 01:02:14","2012-08-16 14:00:46",
"21","881","3","2011-11-19 14:22:37","2013-05-11 15:13:17","2017-05-17 17:43:23","2011-12-15 09:48:29",
"22","412","1","2017-11-03 19:30:48","2015-11-16 02:18:07","2013-04-07 14:09:15","2018-02-12 23:49:09",
"23","688","2","2017-10-26 23:10:03","2011-12-05 16:25:55","2013-05-25 22:18:16","2010-11-02 07:39:27",
"24","293","3","2011-07-24 06:20:24","2017-05-16 04:02:06","2015-05-07 08:40:05","2013-06-22 05:43:26",
"25","112","1","2019-12-05 06:28:08","2016-01-28 17:10:32","2013-03-01 04:26:38","2019-05-01 06:52:17",
"26","728","2","2016-07-14 07:29:05","2019-06-18 10:34:48","2011-04-10 03:29:56","2020-09-01 03:57:15",
"27","414","3","2016-11-28 10:54:46","2012-10-12 22:45:10","2020-05-31 07:29:22","2018-02-06 04:32:31",
"28","181","1","2016-01-28 17:24:12","2018-12-19 16:48:18","2018-10-25 10:34:06","2015-11-07 04:28:44",
"29","991","2","2015-09-23 02:31:35","2011-02-10 12:18:00","2019-05-13 08:10:27","2017-11-30 20:42:24",
"30","232","3","2012-12-16 02:52:49","2016-10-02 18:52:21","2017-06-23 04:28:11","2016-12-27 13:48:30",
"31","642","1","2019-01-15 04:50:52","2018-02-24 04:41:09","2011-03-09 11:16:37","2014-09-11 20:50:03",
"32","881","2","2015-04-25 21:13:38","2019-09-10 04:01:56","2016-08-18 19:08:10","2012-06-24 03:27:25",
"33","943","3","2018-08-27 16:37:35","2010-09-11 02:02:42","2012-03-01 07:34:57","2016-03-28 19:08:48",
"34","398","1","2017-10-08 21:49:15","2018-02-11 23:01:51","2014-02-06 16:02:36","2011-11-24 13:17:24",
"35","611","2","2014-12-04 18:14:14","2012-04-13 22:41:28","2013-12-19 14:27:57","2019-02-27 08:59:21",
"36","107","3","2019-06-30 14:53:08","2011-06-12 18:55:27","2019-06-21 10:22:18","2017-01-31 19:03:39",
"37","214","1","2012-08-04 23:02:05","2014-09-27 21:52:39","2018-03-28 09:59:43","2017-02-16 19:34:42",
"38","813","2","2011-07-02 16:59:15","2018-10-28 15:40:33","2018-03-03 07:23:11","2012-10-22 01:10:27",
"39","806","3","2017-05-17 23:18:32","2014-01-18 05:17:32","2010-09-09 05:59:10","2019-03-29 20:57:18",
"40","855","1","2015-04-09 16:34:45","2014-02-27 11:46:16","2012-04-09 17:49:47","2011-02-13 17:10:18",
"41","245","2","2018-11-24 03:32:35","2012-01-22 07:45:16","2014-03-30 14:33:03","2011-11-26 17:58:41",
"42","644","3","2013-10-22 13:06:45","2012-04-30 14:28:05","2016-07-06 11:50:48","2012-03-19 13:25:49",
"43","562","1","2011-11-10 22:52:36","2018-12-06 00:52:03","2015-12-28 21:01:23","2019-03-20 18:57:59",
"44","422","2","2012-10-08 06:16:52","2016-03-23 17:59:12","2016-10-25 04:46:31","2014-04-29 17:16:10",
"45","568","3","2012-10-13 16:41:29","2013-10-26 22:09:45","2011-11-25 21:44:18","2012-07-24 03:06:18",
"46","284","1","2017-04-11 21:52:34","2017-06-13 13:23:49","2018-02-18 20:07:51","2013-12-19 05:04:16",
"47","494","2","2020-07-02 14:36:44","2014-10-24 00:45:04","2012-04-19 08:45:13","2013-10-09 03:06:45",
"48","578","3","2011-01-16 10:37:14","2016-05-03 09:53:05","2013-02-10 04:41:53","2016-12-22 02:28:51",
"49","289","1","2017-06-07 05:09:54","2018-06-06 03:22:27","2013-05-30 09:46:07","2013-09-28 22:10:19",
"50","958","2","2013-06-15 11:03:02","2011-10-16 05:08:53","2015-07-22 21:58:38","2014-08-25 02:29:56",
"51","40","3","2013-07-26 20:48:48","2016-03-18 17:41:57","2019-02-12 09:52:35","2012-10-22 01:14:52",
"52","322","1","2013-06-25 23:17:32","2017-04-16 04:04:01","2011-10-13 12:20:03","2014-12-14 20:32:56",
"53","134","2","2016-03-19 03:05:27","2015-10-11 11:49:09","2018-02-28 18:36:47","2013-03-18 13:39:26",
"54","769","3","2014-02-09 08:10:51","2016-08-23 04:00:01","2014-10-03 22:20:47","2011-08-26 06:19:54",
"55","518","1","2012-10-05 03:48:21","2010-09-09 11:54:58","2012-01-18 01:06:52","2020-04-28 05:09:15",
"56","910","2","2012-01-29 12:05:22","2017-07-14 15:28:49","2019-01-26 20:49:52","2013-06-16 01:06:46",
"57","47","3","2015-06-14 21:23:34","2015-08-29 01:21:00","2011-04-22 15:18:08","2011-03-02 06:58:11",
"58","16","1","2014-12-19 15:19:51","2020-09-04 21:14:44","2020-08-04 09:06:34","2015-08-22 18:02:22",
"59","27","2","2019-04-08 05:36:09","2016-09-04 12:20:32","2018-09-23 10:52:38","2019-09-13 20:29:02",
"60","503","3","2018-03-30 06:56:21","2019-07-08 03:30:25","2017-10-06 20:49:37","2014-08-24 06:03:37",
"61","745","1","2015-02-13 18:04:05","2018-06-27 16:07:30","2014-01-06 12:31:53","2012-01-16 16:59:43",
"62","831","2","2019-09-23 22:55:15","2018-05-29 08:29:37","2014-01-18 20:19:32","2015-04-22 10:15:01",
"63","300","3","2017-05-09 23:12:18","2019-08-09 10:00:10","2014-04-18 13:58:30","2013-07-30 04:02:15",
"64","941","1","2018-05-30 03:18:21","2020-03-21 14:06:00","2013-03-13 20:42:19","2011-01-07 02:14:19",
"65","545","2","2019-11-24 15:07:42","2014-07-01 07:07:06","2013-01-06 23:58:38","2011-06-28 10:51:59",
"66","88","3","2017-08-14 15:18:20","2012-05-04 18:52:37","2017-03-30 14:24:06","2016-10-07 22:27:16",
"67","568","1","2015-07-19 19:22:07","2011-05-01 06:46:32","2012-07-13 06:34:44","2017-07-19 07:25:24",
"68","919","2","2014-07-12 14:53:59","2013-10-16 03:03:25","2011-02-14 21:23:57","2013-07-14 12:21:26",
"69","353","3","2015-12-16 03:05:57","2018-02-17 17:11:41","2012-05-07 13:38:00","2012-11-16 13:26:44",
"70","270","1","2018-05-31 05:38:38","2013-01-18 18:28:55","2014-07-26 10:46:05","2019-03-10 21:35:07",
"71","23","2","2019-02-17 19:50:34","2015-10-23 10:17:47","2012-10-29 23:27:31","2015-08-28 21:17:35",
"72","638","3","2019-04-19 18:39:16","2020-07-25 04:26:28","2015-04-09 17:14:51","2012-05-09 15:34:53",
"73","985","1","2017-11-10 17:02:19","2016-06-11 11:01:44","2019-07-11 20:38:19","2018-05-26 11:20:05",
"74","924","2","2020-05-22 14:43:16","2014-07-13 07:15:52","2015-10-14 21:17:13","2013-05-28 20:58:41",
"75","511","3","2019-08-31 00:27:36","2020-07-02 08:30:53","2013-04-28 19:06:42","2018-05-09 05:29:31",
"76","852","1","2020-01-05 23:52:49","2019-11-15 10:33:45","2017-10-03 02:31:06","2012-09-07 06:00:38",
"77","65","2","2012-11-09 02:06:45","2012-11-03 21:00:12","2012-07-15 12:10:44","2015-04-22 01:52:22",
"78","954","3","2013-09-30 02:26:13","2015-03-16 19:57:07","2010-12-10 07:28:07","2017-09-01 11:28:09",
"79","776","1","2012-12-30 22:50:28","2011-08-12 12:00:05","2018-11-16 17:38:15","2019-12-21 01:21:13",
"80","987","2","2017-09-16 03:07:08","2015-05-11 22:11:12","2015-12-06 03:27:16","2016-12-15 21:24:24",
"81","680","3","2018-04-20 10:10:12","2018-05-28 11:08:10","2016-04-27 04:21:22","2014-03-09 00:38:35",
"82","93","1","2014-03-29 02:37:47","2016-02-19 12:49:30","2013-09-01 22:53:16","2012-12-05 14:09:34",
"83","157","2","2015-10-25 01:36:48","2012-08-27 12:39:43","2017-10-22 22:24:13","2020-08-08 06:41:28",
"84","218","3","2015-12-05 16:19:39","2018-07-22 08:26:32","2013-04-11 23:05:02","2017-06-10 18:06:54",
"85","395","1","2013-11-26 13:58:07","2017-04-22 17:03:02","2012-07-26 09:54:48","2015-12-10 17:08:30",
"86","725","2","2013-04-27 12:30:51","2013-06-20 16:09:52","2015-07-28 20:41:46","2012-06-02 16:47:50",
"87","487","3","2016-02-26 08:18:15","2011-03-10 05:33:45","2012-12-15 14:11:39","2016-03-26 11:14:50",
"88","105","1","2016-05-09 18:15:21","2014-06-09 11:15:06","2011-05-29 18:07:30","2014-06-21 05:50:43",
"89","276","2","2014-07-29 08:41:30","2013-01-29 16:26:48","2014-05-13 01:59:41","2015-05-25 04:02:27",
"90","481","3","2018-11-29 10:45:04","2013-01-04 13:17:22","2018-03-11 17:54:45","2013-10-18 09:41:28",
"91","235","1","2014-02-01 00:08:37","2016-04-16 00:11:22","2018-11-17 05:09:08","2011-08-05 07:26:27",
"92","570","2","2015-10-29 01:04:04","2014-12-29 01:31:31","2018-05-14 18:56:25","2014-10-28 13:21:44",
"93","361","3","2014-09-01 03:47:10","2014-08-10 13:13:59","2011-06-20 14:24:46","2016-03-09 18:41:50",
"94","66","1","2016-02-28 18:02:42","2017-10-23 00:31:54","2015-09-08 22:08:50","2012-12-21 04:43:46",
"95","861","2","2013-06-23 12:08:51","2017-10-17 20:51:58","2017-02-18 02:09:51","2012-09-13 18:53:28",
"96","488","3","2013-10-24 04:58:30","2017-11-04 23:43:15","2020-03-18 20:14:27","2011-09-01 07:39:21",
"97","426","1","2012-01-21 17:20:02","2015-06-11 02:24:20","2018-08-18 21:15:26","2016-07-21 01:56:14",
"98","742","2","2020-01-31 16:56:55","2019-10-21 19:37:44","2011-09-24 00:46:41","2020-04-07 01:29:11",
"99","99","3","2016-12-29 18:53:48","2011-01-21 01:16:22","2014-06-12 18:44:20","2015-08-03 23:34:09",
"100","830","1","2016-10-02 08:32:20","2011-10-26 09:41:46","2012-07-23 03:30:12","2017-09-22 21:50:12",
"101","641","2","2013-01-21 01:13:17","2011-10-16 15:50:27","2018-03-25 17:32:02","2014-09-27 21:18:32",
"102","578","3","2016-03-09 08:39:40","2013-03-13 19:46:42","2014-01-15 12:12:20","2014-10-01 20:17:51",
"103","706","1","2012-08-31 04:30:56","2016-07-04 10:58:18","2012-02-08 04:29:12","2011-10-14 22:21:41",
"104","540","2","2015-06-23 22:52:20","2015-12-08 09:35:40","2017-05-27 01:55:40","2013-08-22 09:43:31",
"105","815","3","2017-01-18 12:21:47","2018-12-06 13:00:45","2017-02-19 21:46:49","2018-05-26 05:50:40",
"106","97","1","2013-12-22 19:11:25","2012-01-10 15:28:44","2011-03-28 09:11:02","2019-01-27 15:23:19",
"107","683","2","2018-01-18 15:29:21","2015-02-18 09:04:11","2015-07-27 12:34:41","2013-01-19 05:09:48",
"108","642","3","2018-12-10 08:00:03","2016-06-11 08:27:15","2010-10-09 17:55:27","2018-11-19 17:10:28",
"109","387","1","2013-05-29 23:02:56","2018-06-24 07:43:53","2019-03-27 02:57:52","2019-12-22 00:41:45",
"110","523","2","2015-01-26 16:52:03","2014-09-06 21:33:10","2015-08-22 12:39:06","2014-12-23 20:39:35",
"111","340","3","2011-01-01 18:28:06","2015-10-07 00:39:11","2011-01-28 23:22:57","2012-06-06 22:29:31",
"112","492","1","2011-09-26 14:26:19","2018-12-30 21:03:12","2019-12-12 07:32:55","2020-01-02 10:24:06",
"113","949","2","2010-09-12 03:33:18","2014-07-17 20:32:15","2020-08-30 22:42:20","2012-07-09 19:39:13",
"114","436","3","2019-06-26 23:29:46","2012-09-16 02:59:19","2017-12-07 21:10:11","2011-03-30 04:02:31",
"115","883","1","2020-02-06 11:27:34","2017-06-15 21:56:06","2012-01-31 06:43:31","2017-07-03 14:20:07",
"116","511","2","2012-03-29 03:48:36","2020-01-30 11:23:47","2020-04-21 11:53:52","2014-05-21 09:35:26",
"117","768","3","2018-10-25 00:29:18","2015-10-21 09:51:30","2011-11-16 10:50:46","2016-03-25 03:38:52",
"118","78","1","2019-02-08 22:08:30","2015-09-14 12:54:33","2020-02-01 22:53:49","2011-04-06 17:36:08",
"119","610","2","2020-01-14 08:20:53","2019-02-20 23:54:17","2012-12-28 07:20:46","2016-05-10 11:24:30",
"120","846","3","2018-05-17 17:07:22","2014-12-25 15:28:40","2017-12-11 08:00:39","2016-06-10 04:02:27",
"121","79","1","2020-02-07 04:24:26","2018-03-10 13:54:33","2020-03-29 01:22:49","2013-06-13 12:43:56",
"122","302","2","2017-04-03 06:47:50","2019-09-07 10:25:01","2018-08-11 03:53:22","2011-03-30 23:49:39",
"123","849","3","2017-03-15 03:39:59","2014-05-10 13:06:20","2014-07-12 18:16:23","2011-12-24 03:40:34",
"124","106","1","2011-11-20 19:34:39","2015-09-29 16:59:54","2010-10-31 16:33:03","2013-11-11 19:28:50",
"125","161","2","2011-03-29 20:29:13","2016-08-06 10:58:43","2019-03-03 15:07:12","2019-12-07 14:51:33",
"126","314","3","2020-07-02 02:19:10","2016-08-28 05:05:05","2020-06-14 16:33:40","2017-05-04 11:02:28",
"127","862","1","2013-12-26 03:56:31","2015-03-11 21:11:54","2018-06-17 18:38:41","2014-09-26 04:03:06",
"128","65","2","2014-11-14 19:16:16","2017-08-13 04:28:06","2014-03-21 03:44:32","2014-10-22 03:55:21",
"129","992","3","2019-11-16 02:53:52","2019-12-26 18:19:50","2016-11-23 14:50:09","2020-06-18 02:43:19",
"130","657","1","2015-10-26 07:15:08","2011-06-25 03:00:41","2020-05-01 10:47:42","2015-10-06 10:06:39",
"131","222","2","2016-04-08 20:54:40","2018-02-01 12:30:37","2011-12-11 07:23:22","2014-03-01 20:53:26",
"132","597","3","2015-09-25 08:25:36","2011-03-05 20:54:57","2018-05-22 06:29:22","2015-03-03 05:56:19",
"133","650","1","2018-04-07 09:09:57","2012-06-06 21:43:46","2013-08-08 08:21:07","2012-03-30 06:57:11",
"134","210","2","2018-06-04 10:45:22","2015-03-21 03:15:56","2020-05-18 18:54:37","2020-04-30 06:45:22",
"135","929","3","2019-10-21 08:50:19","2012-11-16 12:15:57","2014-09-18 19:35:05","2013-11-13 05:18:19",
"136","975","1","2013-01-22 19:08:59","2011-12-10 20:23:01","2012-07-24 10:27:05","2016-12-15 11:44:49",
"137","999","2","2015-12-13 16:08:26","2017-03-08 14:29:52","2012-04-13 01:22:18","2016-04-12 16:17:56",
"138","376","3","2020-05-05 09:30:33","2013-03-31 09:15:12","2016-10-31 12:39:30","2017-04-18 19:25:38",
"139","932","1","2011-06-10 19:57:04","2015-05-14 18:24:40","2020-08-09 04:49:20","2010-12-12 08:01:12",
"140","819","2","2017-03-02 11:55:18","2018-09-20 18:27:00","2017-06-24 13:30:17","2018-08-28 16:11:06",
"141","947","3","2018-12-27 20:27:05","2016-08-10 01:32:12","2013-10-27 20:26:55","2019-03-03 00:20:29",
"142","42","1","2014-07-28 14:08:22","2012-10-03 02:21:33","2012-03-24 13:33:41","2017-06-30 09:37:15",
"143","892","2","2014-09-13 16:29:44","2012-11-01 10:34:40","2013-05-06 12:33:19","2017-05-16 00:15:33",
"144","440","3","2018-10-10 20:17:42","2012-09-23 10:46:38","2016-07-15 18:04:47","2012-06-04 02:20:58",
"145","972","1","2013-06-19 09:52:34","2019-03-20 02:26:28","2019-02-04 20:04:20","2014-09-15 05:32:16",
"146","879","2","2015-02-08 08:42:12","2013-06-09 13:10:44","2014-04-02 16:03:08","2019-04-28 14:36:39",
"147","650","3","2015-05-03 03:57:23","2011-04-20 21:04:24","2012-12-27 05:44:26","2018-12-19 23:30:36",
"148","697","1","2017-07-12 12:59:00","2019-10-10 16:25:23","2018-02-23 04:56:19","2018-11-29 11:10:12",
"149","6","2","2017-07-13 12:07:37","2018-07-08 12:07:47","2016-11-25 08:38:37","2018-07-03 22:14:50",
"150","87","3","2020-04-26 10:55:14","2020-05-18 15:46:41","2011-07-25 12:21:52","2014-09-01 00:02:36",
"151","874","1","2016-01-22 07:47:21","2014-10-16 02:19:36","2011-01-07 17:44:50","2015-08-04 06:39:20",
"152","179","2","2019-05-14 03:40:50","2015-10-01 02:38:40","2013-11-10 14:54:39","2013-02-01 17:21:11",
"153","737","3","2018-06-04 07:42:52","2015-02-05 03:02:56","2012-08-22 06:56:17","2013-04-04 04:34:42",
"154","991","1","2012-01-13 07:14:04","2013-03-11 05:48:53","2011-07-07 02:28:15","2013-09-19 05:40:43",
"155","739","2","2020-05-28 01:37:05","2011-01-10 16:09:31","2018-08-21 12:55:22","2019-07-23 05:17:51",
"156","2","3","2014-09-30 12:04:42","2018-12-29 05:47:42","2014-03-20 16:07:10","2012-11-13 17:19:34",
"157","952","1","2020-05-02 03:33:13","2019-04-03 21:18:52","2013-03-09 14:31:01","2016-02-03 11:37:14",
"158","967","2","2019-02-12 16:25:22","2014-07-16 21:14:39","2020-01-14 06:58:05","2011-12-28 10:31:50",
"159","348","3","2014-07-16 08:46:37","2019-07-28 02:59:55","2013-04-18 07:10:00","2017-08-01 18:30:20",
"160","792","1","2015-11-23 00:26:05","2017-12-11 20:49:27","2017-03-03 08:57:46","2017-07-06 17:43:04",
"161","843","2","2012-01-13 12:38:28","2014-02-18 14:47:25","2015-03-29 04:35:21","2018-01-02 10:48:09",
"162","512","3","2012-02-06 17:59:47","2016-05-06 09:08:07","2019-05-15 04:33:02","2013-04-08 03:27:43",
"163","201","1","2014-05-09 21:54:32","2019-03-05 14:13:28","2018-06-25 19:38:45","2020-03-15 13:47:24",
"164","785","2","2015-09-28 07:20:30","2018-12-29 16:00:16","2014-04-15 11:20:40","2020-08-26 13:37:26",
"165","484","3","2013-09-17 09:53:20","2017-08-31 15:00:24","2020-02-07 11:16:51","2016-10-22 07:19:58",
"166","748","1","2012-09-27 09:22:22","2017-08-04 12:19:54","2016-01-03 02:54:12","2019-10-06 03:30:05",
"167","355","2","2020-06-12 12:28:13","2017-11-04 05:16:28","2018-11-15 13:33:47","2018-12-14 08:12:46",
"168","527","3","2012-06-17 05:31:16","2012-07-07 04:03:12","2017-08-09 04:51:41","2013-02-01 08:21:38",
"169","450","1","2016-10-08 16:35:16","2011-11-24 06:13:59","2015-04-22 01:51:15","2017-07-10 08:32:40",
"170","804","2","2019-07-27 14:18:38","2014-06-04 03:30:01","2013-04-24 14:39:53","2016-01-16 11:56:00",
"171","900","3","2018-08-30 22:49:15","2012-01-18 19:14:36","2020-03-02 22:52:21","2020-01-03 02:51:34",
"172","61","1","2018-02-17 21:57:35","2011-06-14 03:46:38","2014-01-02 22:02:05","2019-09-14 00:05:50",
"173","781","2","2012-07-26 10:51:42","2013-12-03 05:47:23","2013-09-14 01:48:30","2014-11-20 06:40:38",
"174","671","3","2017-10-03 01:19:16","2015-12-22 21:00:47","2014-07-17 17:14:34","2015-07-27 06:17:15",
"175","164","1","2016-04-28 18:05:23","2018-10-07 17:52:53","2019-01-16 03:23:56","2015-05-09 07:14:50",
"176","296","2","2015-03-19 14:18:20","2020-08-10 21:40:35","2012-06-19 05:13:34","2017-04-14 09:51:20",
"177","249","3","2017-04-28 08:48:20","2019-02-24 21:18:39","2014-02-09 10:40:55","2011-12-26 15:01:10",
"178","388","1","2020-03-23 14:23:27","2015-01-16 12:36:22","2013-01-09 06:33:31","2013-07-05 14:46:20",
"179","186","2","2015-08-30 03:15:30","2015-06-01 19:08:36","2018-06-23 05:15:52","2014-02-24 06:16:33",
"180","183","3","2017-09-27 06:52:26","2019-01-16 23:34:19","2016-07-05 14:38:37","2014-06-07 03:00:40",
"181","596","1","2014-04-20 00:03:39","2017-08-31 10:31:40","2015-02-20 08:28:42","2011-02-22 15:09:13",
"182","813","2","2016-03-14 07:22:00","2012-11-04 22:30:19","2011-04-20 15:15:28","2020-06-28 04:55:13",
"183","481","3","2019-03-11 10:31:32","2013-05-28 09:26:49","2019-03-15 11:06:36","2015-11-15 11:52:37",
"184","12","1","2011-01-03 21:19:55","2017-01-21 08:56:23","2020-02-09 09:55:48","2019-03-19 12:02:00",
"185","491","2","2020-02-08 08:50:43","2011-01-04 11:09:19","2015-08-19 23:03:02","2018-06-29 04:08:11",
"186","233","3","2011-04-17 05:44:19","2018-06-02 22:03:01","2012-06-17 14:11:32","2015-03-20 00:16:32",
"187","899","1","2019-10-03 11:31:44","2011-07-12 17:37:23","2017-10-05 09:13:33","2018-11-12 18:49:24",
"188","51","2","2016-11-03 16:42:30","2016-04-03 08:55:41","2013-11-24 21:49:05","2020-01-28 13:25:03",
"189","404","3","2013-05-03 08:48:26","2013-03-19 13:32:18","2017-12-20 20:38:05","2013-11-08 16:35:33",
"190","163","1","2019-02-21 07:42:28","2014-01-22 01:17:04","2018-01-16 02:06:20","2017-06-30 11:40:13",
"191","213","2","2013-04-28 10:34:24","2010-12-11 07:03:38","2013-12-24 13:28:21","2015-11-15 03:02:00",
"192","214","3","2018-03-18 04:31:35","2019-06-20 23:20:59","2011-11-11 23:41:23","2016-07-27 21:29:02",
"193","453","1","2019-08-14 03:34:20","2019-08-10 01:50:31","2013-07-06 13:03:02","2017-08-11 13:11:11",
"194","654","2","2016-05-26 05:25:38","2020-08-17 03:53:59","2016-04-30 08:48:26","2016-04-10 01:08:07",
"195","916","3","2018-07-08 06:35:04","2013-08-03 13:39:35","2018-03-26 21:32:52","2014-02-18 07:43:28",
"196","95","1","2011-04-29 16:05:14","2011-12-20 09:56:57","2014-07-19 02:13:56","2013-10-16 06:25:58",
"197","509","2","2014-11-14 04:38:13","2015-04-07 11:10:06","2014-07-31 00:03:34","2016-10-02 23:36:19",
"198","93","3","2010-11-08 01:06:58","2013-02-07 02:38:06","2011-09-03 01:17:42","2018-05-10 20:39:40",
"199","291","1","2015-11-24 17:24:32","2018-01-17 06:52:53","2018-07-22 04:27:24","2019-10-16 04:48:38",
"200","597","2","2014-11-17 14:09:31","2010-10-31 13:00:55","2012-12-15 10:51:23","2014-09-08 23:25:13",
"201","218","3","2015-07-27 19:56:03","2020-08-03 15:23:09","2014-09-07 09:08:52","2014-10-24 23:47:30",
"202","755","1","2019-11-18 09:43:40","2010-11-25 00:12:10","2016-08-11 18:53:43","2018-05-28 11:22:01",
"203","611","2","2017-01-26 17:50:54","2019-08-14 00:00:19","2011-05-28 20:29:13","2019-02-19 08:37:21",
"204","661","3","2015-10-01 07:56:53","2011-10-05 23:26:29","2017-03-08 11:01:07","2015-01-23 13:32:14",
"205","316","1","2019-11-26 02:20:25","2018-06-14 05:19:21","2018-11-30 14:50:27","2016-04-16 19:36:54",
"206","971","2","2017-07-06 02:58:50","2010-11-29 19:09:57","2016-08-18 17:15:39","2011-12-13 00:12:45",
"207","926","3","2019-12-07 19:46:43","2017-08-11 04:17:01","2012-12-11 06:40:12","2014-08-05 13:11:21",
"208","741","1","2010-11-05 12:12:58","2015-04-20 04:22:27","2011-09-18 08:31:53","2012-12-28 20:07:06",
"209","530","2","2020-03-07 18:40:47","2013-09-19 21:19:36","2014-11-08 15:04:27","2013-03-16 23:02:17",
"210","508","3","2010-11-07 11:16:36","2014-06-19 10:13:40","2015-02-07 17:56:49","2019-01-29 10:09:13",
"211","846","1","2019-12-17 15:39:49","2016-07-15 12:05:50","2010-11-14 12:18:49","2013-07-26 23:41:05",
"212","933","2","2019-04-11 06:16:08","2015-10-20 05:42:36","2020-06-15 12:35:42","2015-03-02 20:00:41",
"213","140","3","2012-09-08 20:04:54","2013-07-04 12:11:11","2016-04-29 21:41:14","2018-12-07 12:25:03",
"214","70","1","2012-04-01 08:36:01","2013-06-09 07:40:43","2019-03-25 00:59:11","2014-02-09 11:01:05",
"215","157","2","2019-11-26 07:55:53","2012-08-01 19:34:45","2017-05-23 15:29:42","2018-06-30 22:44:03",
"216","979","3","2014-03-01 14:40:06","2019-05-17 23:15:10","2011-10-04 20:11:10","2012-03-26 08:00:33",
"217","199","1","2014-01-25 16:36:09","2018-06-04 10:19:07","2016-04-16 17:48:55","2014-10-02 13:08:37",
"218","780","2","2015-04-27 14:11:20","2014-08-08 18:27:24","2016-08-03 18:59:59","2019-01-14 06:26:11",
"219","613","3","2015-12-17 04:59:24","2015-02-25 08:05:44","2015-06-27 04:22:40","2020-01-03 22:37:33",
"220","484","1","2017-02-19 12:43:17","2016-07-24 14:05:16","2013-12-31 11:10:05","2019-04-02 03:19:53",
"221","402","2","2018-08-13 13:07:20","2011-01-24 04:38:45","2013-04-27 05:19:01","2014-05-06 09:05:28",
"222","384","3","2012-12-22 13:39:27","2016-02-08 05:40:28","2017-09-22 02:11:46","2012-06-11 20:22:07",
"223","161","1","2017-11-06 21:25:58","2017-02-11 04:38:39","2017-03-27 14:49:12","2013-03-25 00:09:30",
"224","796","2","2018-02-18 09:12:33","2018-02-15 15:03:02","2016-06-09 13:46:25","2010-12-07 11:55:45",
"225","735","3","2015-03-28 10:47:31","2013-10-30 11:32:30","2013-11-10 09:15:49","2015-07-16 23:04:37",
"226","637","1","2012-01-13 12:49:57","2013-03-16 16:25:12","2010-11-28 01:11:35","2017-12-12 15:18:03",
"227","230","2","2014-12-11 02:11:53","2016-07-07 21:38:29","2016-04-24 19:37:38","2012-06-24 04:24:22",
"228","102","3","2015-03-20 13:36:05","2015-04-20 04:04:41","2019-10-13 06:09:01","2017-09-07 02:30:29",
"229","875","1","2020-04-24 16:46:24","2011-06-10 02:34:40","2017-07-01 13:28:47","2012-09-23 13:29:00",
"230","112","2","2019-04-20 07:37:10","2019-12-21 01:19:49","2019-06-09 14:40:32","2011-03-02 02:26:46",
"231","201","3","2016-06-20 11:53:21","2012-12-08 18:36:06","2017-04-13 16:22:27","2012-10-13 15:54:52",
"232","117","1","2016-10-17 09:38:25","2019-11-22 05:48:43","2017-03-29 00:42:11","2018-12-11 22:42:06",
"233","791","2","2018-07-30 14:00:54","2014-11-05 02:12:56","2017-05-06 21:02:09","2015-08-11 06:56:02",
"234","451","3","2020-04-04 15:07:42","2014-08-22 23:38:39","2013-04-23 21:13:46","2016-09-09 23:33:23",
"235","86","1","2017-05-03 10:15:24","2019-10-28 19:34:12","2011-02-09 15:37:30","2018-04-28 11:52:58",
"236","48","2","2015-04-14 14:02:47","2015-03-20 13:41:33","2011-06-06 09:22:18","2018-07-12 05:15:44",
"237","887","3","2015-12-23 01:02:48","2013-11-12 07:27:14","2011-05-19 04:30:51","2019-06-30 16:26:05",
"238","638","1","2019-12-12 21:09:37","2019-07-17 02:28:13","2018-05-30 15:41:04","2013-03-22 09:30:14",
"239","17","2","2016-09-12 01:41:53","2020-02-03 12:59:22","2011-07-16 19:59:40","2012-11-15 16:50:20",
"240","991","3","2016-05-16 17:41:13","2016-01-25 14:51:09","2020-07-12 16:25:40","2012-06-26 07:00:13",
"241","222","1","2014-05-07 04:39:47","2014-09-04 04:57:37","2020-07-21 16:51:19","2010-11-04 14:49:37",
"242","835","2","2016-09-02 12:47:27","2013-12-17 01:00:56","2018-03-07 18:49:48","2011-10-12 15:57:20",
"243","493","3","2016-12-30 17:38:01","2018-12-11 09:18:05","2014-03-19 22:55:23","2012-09-27 06:17:05",
"244","124","1","2018-02-05 01:02:28","2013-06-30 17:35:44","2020-01-29 14:41:06","2017-03-25 15:20:09",
"245","284","2","2016-03-04 10:32:32","2020-03-29 18:07:53","2017-05-13 19:24:38","2017-12-15 14:50:59",
"246","622","3","2012-11-07 11:02:16","2018-04-28 00:30:38","2014-12-20 06:17:17","2016-10-30 01:09:21",
"247","350","1","2014-12-11 15:44:47","2017-10-11 07:39:24","2013-02-17 22:37:51","2019-11-23 11:40:21",
"248","739","2","2018-10-29 12:45:45","2020-09-04 16:12:25","2017-07-27 16:26:33","2020-06-05 19:25:38",
"249","287","3","2016-12-11 22:11:02","2019-04-27 00:28:38","2011-11-24 09:47:35","2014-08-22 23:48:13",
"250","612","1","2014-11-21 17:10:29","2012-02-18 22:47:06","2018-01-05 19:59:46","2017-07-20 03:26:30",
"251","266","2","2019-04-04 23:08:49","2010-11-18 01:08:13","2013-04-04 12:55:10","2012-04-27 04:48:13",
"252","860","3","2017-04-25 06:14:16","2019-03-26 18:34:17","2018-04-10 09:38:44","2020-05-20 12:42:10",
"253","194","1","2013-06-14 06:21:06","2014-08-19 09:57:48","2018-08-02 06:24:08","2019-04-22 07:51:14",
"254","249","2","2015-06-30 17:31:51","2013-12-17 20:53:43","2015-11-08 00:36:22","2019-07-15 18:30:15",
"255","137","3","2014-06-21 03:38:10","2017-09-26 22:20:09","2019-01-07 03:29:38","2019-09-24 05:53:59",
"256","363","1","2016-06-08 01:57:36","2014-11-15 01:35:58","2017-07-20 20:49:03","2019-03-11 17:00:04",
"257","328","2","2013-07-11 01:55:14","2018-02-16 10:40:01","2013-01-15 10:21:52","2013-11-23 06:25:05",
"258","745","3","2012-02-29 10:04:18","2014-10-06 16:41:41","2020-08-03 22:18:21","2012-10-07 16:51:47",
"259","537","1","2011-02-12 08:59:02","2018-07-07 07:53:33","2013-02-14 23:03:23","2018-11-20 05:08:02",
"260","356","2","2015-05-02 07:44:33","2018-12-03 12:49:52","2010-10-12 05:31:00","2020-01-08 12:04:43",
"261","977","3","2013-07-12 13:51:02","2014-03-08 10:55:56","2017-10-09 01:57:03","2017-10-13 06:26:41",
"262","31","1","2014-01-24 16:08:35","2013-05-04 18:52:27","2018-11-30 10:42:12","2013-03-11 08:58:48",
"263","307","2","2019-12-26 11:13:15","2013-07-09 13:27:27","2017-05-26 11:07:42","2019-03-01 10:16:00",
"264","263","3","2011-03-18 21:07:57","2018-02-19 16:48:30","2012-08-11 18:11:39","2012-11-14 13:52:38",
"265","260","1","2013-05-13 02:37:07","2012-01-02 09:06:06","2012-03-26 15:21:30","2016-03-22 00:08:02",
"266","860","2","2019-08-11 06:36:04","2012-11-16 09:52:10","2018-02-13 03:28:42","2013-07-31 02:13:08",
"267","117","3","2019-09-17 19:11:26","2011-06-25 05:16:24","2014-11-07 14:23:09","2014-12-03 03:20:58",
"268","85","1","2019-06-10 23:03:37","2012-05-30 22:51:59","2015-08-02 17:58:10","2012-10-27 15:25:49",
"269","301","2","2015-01-19 12:47:14","2020-08-28 19:32:50","2017-02-27 20:34:26","2018-08-10 13:49:57",
"270","996","3","2015-11-08 16:02:56","2019-02-12 23:28:09","2013-07-21 23:37:16","2018-05-19 03:19:22",
"271","553","1","2013-07-19 19:48:11","2014-01-30 04:04:09","2011-08-28 18:20:54","2019-08-01 19:30:35",
"272","163","2","2012-12-22 23:54:42","2018-11-13 15:59:29","2015-06-01 23:54:34","2014-10-18 19:41:37",
"273","610","3","2016-11-02 04:39:16","2015-02-26 20:28:27","2012-02-03 18:51:21","2017-01-28 17:18:59",
"274","143","1","2014-01-03 04:37:59","2018-01-10 15:42:38","2015-11-27 12:47:31","2017-05-14 04:28:27",
"275","489","2","2013-10-24 18:41:46","2017-10-13 11:21:16","2014-12-28 09:57:22","2017-01-22 23:57:55",
"276","417","3","2012-05-29 12:13:46","2015-04-25 06:56:47","2012-07-22 15:40:14","2014-02-26 23:03:13",
"277","454","1","2018-08-31 13:17:02","2013-01-06 21:31:35","2018-06-29 04:40:55","2016-12-18 18:25:58",
"278","611","2","2013-02-19 23:32:25","2019-02-05 20:24:52","2012-12-27 05:28:16","2015-06-09 13:26:27",
"279","957","3","2015-12-30 21:06:07","2016-03-30 00:37:35","2018-04-06 09:04:07","2015-01-13 03:52:43",
"280","773","1","2014-11-07 19:11:54","2012-10-06 08:16:40","2014-10-13 13:12:20","2015-09-03 22:59:06",
"281","847","2","2012-09-11 14:23:11","2011-10-12 14:24:40","2015-11-05 19:45:18","2019-08-05 11:39:15",
"282","857","3","2017-05-25 00:56:22","2019-05-21 20:39:28","2012-02-02 01:32:02","2015-05-08 12:13:11",
"283","277","1","2013-12-17 18:09:07","2013-05-24 17:55:13","2011-04-13 02:17:01","2011-05-03 09:49:04",
"284","25","2","2012-07-28 06:48:20","2020-05-02 05:56:41","2011-07-15 21:42:03","2011-02-15 15:27:52",
"285","490","3","2016-04-28 05:33:49","2016-08-12 11:25:01","2020-03-10 06:01:46","2012-08-11 18:09:26",
"286","462","1","2017-04-03 06:10:22","2019-11-08 21:34:33","2010-11-02 16:40:28","2019-05-25 07:40:48",
"287","753","2","2013-12-06 00:10:21","2016-10-08 14:39:03","2013-09-28 11:08:09","2013-12-15 18:18:23",
"288","72","3","2020-01-16 02:50:19","2015-08-27 08:26:11","2018-03-19 06:51:09","2019-03-31 00:15:59",
"289","218","1","2017-11-06 00:50:39","2019-10-16 10:39:40","2014-07-28 18:14:53","2012-09-23 19:35:58",
"290","358","2","2018-01-03 21:34:24","2015-05-06 23:12:35","2016-05-04 13:58:50","2015-06-17 08:41:11",
"291","223","3","2011-12-20 00:03:18","2017-12-17 10:47:11","2017-12-13 07:00:20","2012-05-28 04:39:36",
"292","262","1","2019-01-27 20:59:03","2014-04-20 07:06:13","2011-03-14 22:33:06","2018-08-19 23:52:20",
"293","628","2","2018-03-28 21:59:19","2018-10-16 03:24:41","2013-04-02 03:39:17","2011-01-24 16:34:08",
"294","524","3","2018-05-04 05:00:27","2013-12-23 12:31:45","2011-01-13 18:49:05","2018-11-03 22:01:26",
"295","827","1","2011-07-08 05:34:38","2012-01-15 07:57:16","2014-01-20 05:26:11","2016-07-30 11:35:30",
"296","395","2","2017-03-02 09:36:14","2020-06-17 15:27:47","2010-12-03 23:13:10","2019-04-03 23:16:33",
"297","522","3","2020-06-05 07:15:16","2016-11-29 21:18:32","2010-12-16 10:05:20","2013-05-18 01:01:40",
"298","837","1","2013-02-23 21:48:57","2014-04-12 18:06:38","2013-02-08 06:49:28","2016-12-26 15:44:35",
"299","662","2","2017-12-16 06:14:42","2014-08-11 15:31:27","2015-08-24 05:10:25","2011-06-20 14:43:20",
"300","741","3","2017-10-02 15:19:06","2017-09-07 03:27:04","2012-09-18 03:41:30","2019-01-14 16:05:26",
"301","742","1","2020-04-06 03:24:59","2017-09-06 07:15:16","2020-04-12 21:20:32","2011-03-26 02:00:32",
"302","249","2","2011-07-13 11:47:56","2018-06-10 17:21:30","2018-05-14 16:13:31","2014-04-15 15:48:56",
"303","637","3","2011-02-13 19:04:18","2014-06-08 12:04:10","2012-03-21 16:57:39","2010-11-22 18:06:06",
"304","105","1","2020-07-17 14:37:32","2019-09-19 01:02:02","2018-04-03 17:59:43","2017-07-19 09:49:33",
"305","769","2","2010-10-18 20:42:38","2019-09-17 12:57:37","2015-06-03 21:17:18","2017-05-21 05:53:00",
"306","89","3","2016-08-03 03:54:31","2016-03-24 17:02:33","2012-07-01 23:30:48","2019-07-06 12:10:53",
"307","484","1","2013-03-06 03:10:22","2016-05-28 04:04:40","2012-10-27 16:54:41","2016-07-19 20:51:18",
"308","311","2","2018-04-02 20:11:09","2017-05-30 09:40:42","2015-06-16 07:18:58","2010-11-03 21:48:41",
"309","349","3","2012-07-22 20:49:47","2012-03-04 23:41:57","2019-05-10 03:34:02","2011-05-12 14:43:02",
"310","854","1","2020-04-30 18:07:25","2012-07-27 19:24:13","2020-06-05 14:51:58","2013-02-11 22:16:02",
"311","252","2","2018-11-18 15:28:38","2012-12-26 20:04:17","2014-08-21 21:08:50","2012-12-08 09:13:48",
"312","82","3","2012-09-12 07:11:01","2011-01-20 22:49:21","2020-08-10 22:39:15","2020-05-28 06:44:43",
"313","862","1","2014-05-02 08:23:03","2018-07-21 19:55:38","2016-10-21 07:59:15","2014-06-27 04:08:57",
"314","163","2","2015-04-26 11:37:11","2010-09-11 17:22:53","2016-09-13 04:18:52","2020-04-13 09:54:44",
"315","888","3","2015-12-30 02:36:51","2014-12-04 13:25:35","2019-06-15 01:56:42","2015-07-26 16:02:12",
"316","730","1","2015-03-04 23:56:03","2018-10-27 00:42:04","2017-08-24 16:07:40","2017-08-11 13:38:01",
"317","617","2","2019-12-28 01:48:28","2016-09-02 00:22:38","2016-07-21 11:51:37","2020-07-06 23:15:50",
"318","369","3","2014-08-10 13:46:25","2013-01-28 21:35:04","2011-02-18 17:22:33","2013-07-25 16:44:54",
"319","153","1","2018-10-14 16:05:59","2018-04-17 16:01:16","2015-04-10 10:05:22","2014-04-26 23:08:13",
"320","424","2","2011-04-23 08:45:15","2016-10-22 21:49:36","2019-07-12 16:30:01","2017-05-11 23:02:57",
"321","976","3","2015-10-25 06:54:28","2019-04-24 22:40:27","2019-11-03 13:06:57","2013-11-20 18:40:17",
"322","475","1","2016-03-13 19:17:11","2019-07-29 01:50:01","2012-04-07 03:27:43","2019-06-25 07:22:39",
"323","682","2","2017-03-05 07:14:51","2013-03-15 14:05:04","2015-04-08 07:33:11","2012-12-24 23:08:18",
"324","703","3","2015-09-20 22:31:54","2020-02-15 11:54:34","2011-04-16 12:38:37","2011-06-04 08:16:37",
"325","510","1","2011-05-31 17:52:00","2012-01-27 13:40:15","2019-07-13 02:54:26","2019-11-24 14:58:01",
"326","65","2","2015-12-18 18:22:58","2017-04-18 17:32:27","2011-07-28 17:11:22","2012-02-07 06:47:43",
"327","533","3","2018-06-20 18:30:19","2020-01-07 03:01:42","2013-01-01 10:19:12","2014-11-28 18:03:49",
"328","952","1","2014-02-08 22:20:16","2011-01-09 08:00:53","2016-07-25 15:10:55","2015-12-21 19:55:01",
"329","380","2","2016-09-06 11:15:44","2014-10-19 00:41:45","2018-05-02 09:08:11","2015-07-17 07:33:33",
"330","866","3","2011-04-06 00:38:19","2013-05-06 20:19:44","2011-05-12 09:25:43","2015-04-27 08:29:44",
"331","847","1","2013-08-02 21:56:46","2012-03-07 21:57:22","2011-06-20 00:42:57","2017-01-02 13:27:23",
"332","637","2","2018-07-28 16:53:42","2012-06-12 17:33:17","2017-10-23 01:36:41","2012-06-14 12:59:45",
"333","199","3","2019-05-20 04:29:47","2011-08-27 05:37:54","2010-11-19 10:18:52","2014-05-17 14:43:19",
"334","127","1","2013-05-27 11:04:22","2013-02-25 10:15:16","2013-05-13 21:37:27","2012-09-21 16:51:49",
"335","447","2","2014-08-11 21:58:02","2015-06-27 00:37:22","2010-12-05 16:50:45","2018-02-02 20:19:19",
"336","392","3","2013-06-16 04:14:54","2012-01-24 19:49:16","2016-07-08 05:52:06","2013-11-21 04:49:16",
"337","99","1","2011-02-02 18:09:26","2014-04-28 19:12:01","2014-09-12 23:27:19","2014-08-22 05:51:34",
"338","741","2","2015-06-22 15:49:02","2016-08-05 04:43:07","2012-11-04 20:14:26","2019-03-08 20:19:24",
"339","468","3","2020-08-07 09:58:24","2018-03-05 15:06:56","2013-11-04 23:01:43","2011-01-29 05:06:11",
"340","481","1","2020-05-18 13:28:13","2018-07-01 02:02:46","2019-10-10 21:48:35","2020-03-25 15:29:19",
"341","415","2","2020-05-25 08:29:37","2012-04-01 09:36:20","2014-04-18 09:44:06","2016-03-29 00:27:43",
"342","579","3","2013-06-20 20:24:59","2017-01-17 19:36:05","2011-03-17 02:47:18","2013-08-07 06:33:21",
"343","122","1","2016-06-24 07:24:08","2018-09-04 15:28:30","2014-08-17 06:11:27","2015-05-25 09:03:26",
"344","107","2","2013-07-07 12:24:05","2016-07-16 17:32:07","2016-06-18 01:29:15","2010-12-18 16:35:02",
"345","13","3","2014-09-06 18:59:50","2012-06-04 10:17:17","2017-02-08 11:10:33","2019-11-26 08:25:29",
"346","434","1","2010-10-21 23:07:09","2012-09-09 10:49:48","2015-12-04 07:12:26","2020-03-29 23:51:44",
"347","697","2","2016-10-10 09:16:01","2020-07-18 22:29:37","2012-02-24 06:58:17","2020-04-13 00:37:36",
"348","636","3","2014-02-01 12:24:40","2014-07-01 07:09:52","2015-01-14 21:19:39","2015-01-01 03:28:34",
"349","991","1","2010-10-22 00:10:30","2012-06-10 12:39:47","2012-08-06 02:49:19","2013-09-20 21:20:33",
"350","217","2","2014-07-18 00:45:41","2017-09-16 17:46:38","2012-10-24 12:12:39","2020-06-25 10:37:13",
"351","290","3","2013-02-13 14:27:45","2015-04-11 10:28:18","2017-02-10 01:12:01","2015-01-14 18:10:36",
"352","288","1","2017-04-19 21:28:58","2018-06-01 02:25:33","2011-05-30 18:39:13","2016-08-09 05:45:57",
"353","934","2","2018-01-01 02:45:12","2011-10-18 04:14:21","2014-08-11 20:54:12","2017-10-17 11:31:37",
"354","341","3","2016-03-28 14:02:52","2017-08-28 17:48:08","2019-09-18 08:11:42","2011-12-22 10:57:22",
"355","713","1","2019-01-04 07:45:24","2016-06-04 11:59:08","2019-03-11 15:50:22","2017-08-05 07:14:31",
"356","935","2","2016-05-09 02:13:31","2017-01-06 07:33:37","2020-07-02 03:12:53","2018-02-20 07:03:28",
"357","847","3","2013-02-17 05:42:18","2016-06-22 15:35:50","2018-12-16 11:59:56","2015-03-14 09:44:50",
"358","165","1","2020-05-22 19:18:29","2019-06-17 17:47:56","2018-11-03 22:59:41","2012-02-07 04:31:10",
"359","32","2","2014-07-02 02:42:33","2016-11-29 03:41:59","2016-03-27 03:12:36","2013-05-22 16:04:03",
"360","356","3","2010-12-02 13:54:19","2016-03-14 23:46:30","2014-12-16 13:11:06","2014-08-17 14:43:28",
"361","338","1","2016-02-15 15:13:47","2013-04-17 05:14:03","2013-08-27 20:26:15","2019-12-04 16:14:03",
"362","927","2","2013-07-11 07:48:30","2016-08-14 15:29:22","2017-03-15 18:09:20","2016-02-11 02:25:36",
"363","532","3","2011-09-11 15:47:40","2019-10-11 10:07:27","2017-10-12 06:53:21","2018-02-02 09:19:18",
"364","586","1","2012-06-08 09:26:01","2020-06-05 17:09:49","2014-11-07 10:08:50","2015-06-07 09:31:38",
"365","405","2","2013-02-14 14:54:46","2018-04-01 02:27:28","2020-06-05 21:53:14","2017-10-16 12:00:43",
"366","132","3","2017-04-21 05:22:18","2020-03-06 05:15:56","2018-05-13 12:08:10","2012-10-12 17:35:13",
"367","831","1","2013-09-21 15:43:23","2018-04-02 02:38:12","2019-09-30 22:31:06","2011-06-16 07:02:04",
"368","856","2","2014-03-26 10:39:30","2016-03-25 14:32:09","2015-07-10 14:09:45","2011-07-01 07:29:02",
"369","603","3","2018-06-05 00:26:00","2017-06-16 02:04:22","2013-02-05 14:35:39","2011-08-07 16:41:47",
"370","71","1","2013-03-22 21:10:24","2014-11-01 12:16:06","2019-03-25 11:59:11","2010-11-20 00:14:13",
"371","577","2","2014-11-14 15:33:23","2020-05-28 18:34:23","2016-11-20 12:38:12","2013-05-25 17:45:50",
"372","660","3","2012-07-15 01:56:02","2020-08-07 15:46:23","2018-01-18 05:02:30","2017-05-25 13:16:20",
"373","387","1","2012-10-05 04:15:35","2019-04-21 14:27:14","2013-11-06 14:31:25","2010-12-06 18:03:53",
"374","374","2","2011-07-28 12:22:20","2019-05-11 05:01:08","2014-09-11 14:19:17","2017-12-31 11:41:29",
"375","882","3","2017-11-30 09:30:01","2015-12-17 01:27:36","2016-01-29 00:45:27","2016-05-26 09:16:48",
"376","503","1","2016-03-23 23:51:52","2015-02-22 10:12:53","2018-08-04 02:51:29","2011-03-02 01:56:11",
"377","506","2","2015-07-03 12:05:18","2011-03-14 05:45:21","2014-12-27 07:55:21","2019-01-04 00:35:15",
"378","137","3","2011-02-04 02:43:06","2019-04-28 10:32:07","2011-06-23 11:48:13","2018-07-08 10:13:43",
"379","520","1","2016-06-18 03:25:21","2017-07-04 12:47:57","2019-05-03 12:52:08","2011-07-07 04:08:02",
"380","978","2","2016-01-31 08:28:10","2011-03-22 13:48:35","2016-02-11 12:29:45","2012-04-21 16:13:39",
"381","480","3","2014-02-07 20:16:11","2015-12-24 08:14:36","2013-08-01 05:59:08","2013-08-13 22:09:09",
"382","363","1","2019-12-14 22:24:59","2012-07-29 13:52:16","2013-11-16 00:33:26","2017-01-26 19:36:09",
"383","535","2","2016-03-10 21:32:03","2012-02-18 03:26:54","2011-12-06 19:27:57","2014-10-24 19:49:01",
"384","767","3","2014-04-05 18:38:44","2016-02-06 13:52:42","2013-04-08 19:46:11","2020-02-02 01:53:45",
"385","768","1","2017-04-19 04:11:21","2016-07-22 19:37:36","2014-02-14 06:20:55","2018-12-19 20:18:56",
"386","643","2","2017-12-03 10:19:57","2010-09-09 02:26:15","2020-02-22 03:18:12","2016-12-20 21:28:56",
"387","554","3","2014-09-20 13:22:13","2011-10-26 10:07:28","2014-04-19 17:24:58","2010-10-24 17:11:10",
"388","443","1","2012-03-11 03:04:40","2010-12-21 15:24:14","2013-02-17 14:02:16","2017-12-30 20:20:04",
"389","332","2","2014-12-23 17:58:56","2017-04-30 22:54:57","2011-01-16 09:37:50","2017-12-04 20:52:13",
"390","399","3","2015-09-20 10:39:07","2020-03-22 17:36:24","2017-08-09 20:57:17","2019-03-06 08:57:17",
"391","549","1","2018-02-01 14:43:14","2015-11-02 16:36:06","2019-08-19 09:35:26","2011-07-05 00:48:41",
"392","52","2","2017-11-23 21:30:13","2018-08-08 07:18:55","2012-08-16 23:01:59","2013-12-16 09:15:02",
"393","155","3","2010-11-21 02:48:27","2019-12-03 17:28:29","2012-09-29 00:48:55","2016-06-06 18:59:29",
"394","104","1","2014-07-24 18:19:30","2015-06-01 23:16:55","2020-01-24 08:03:16","2018-05-31 09:18:29",
"395","239","2","2016-02-20 22:31:45","2011-09-26 22:06:30","2016-05-25 07:03:32","2012-04-17 06:02:40",
"396","972","3","2012-06-20 11:26:13","2016-01-20 20:46:42","2013-06-10 11:33:23","2016-05-05 19:22:50",
"397","178","1","2013-10-15 19:18:42","2012-04-29 03:30:22","2013-05-28 23:13:06","2017-04-10 04:33:08",
"398","40","2","2011-06-21 10:24:21","2012-11-17 13:33:32","2019-09-21 04:23:47","2012-05-22 07:36:20",
"399","777","3","2013-02-10 17:55:26","2013-06-27 10:15:51","2012-06-05 09:44:14","2017-12-23 09:16:37",
"400","639","1","2019-03-30 11:41:36","2011-05-07 09:44:28","2010-12-21 19:53:10","2016-07-25 00:19:35",
"401","827","2","2013-07-01 10:25:42","2013-10-27 20:28:08","2014-04-30 05:35:18","2017-05-21 07:55:29",
"402","547","3","2015-04-28 09:48:49","2016-05-10 12:29:15","2014-07-17 22:19:10","2016-12-02 16:42:17",
"403","522","1","2020-04-28 11:49:17","2018-07-06 20:17:55","2016-02-07 19:01:24","2013-04-11 13:01:06",
"404","384","2","2012-04-14 06:03:53","2013-01-29 16:19:30","2017-04-27 19:34:08","2018-09-04 17:42:19",
"405","747","3","2010-10-04 17:31:15","2013-04-20 20:17:00","2020-06-18 07:39:06","2012-05-17 08:49:44",
"406","941","1","2018-09-24 06:33:03","2018-01-29 14:38:05","2011-05-06 13:37:53","2017-11-23 04:50:13",
"407","458","2","2017-10-20 03:33:56","2018-07-09 07:38:19","2015-05-10 23:36:42","2012-07-10 22:40:06",
"408","211","3","2015-12-30 05:08:57","2014-09-09 15:00:29","2013-01-19 19:01:10","2015-04-22 21:21:05",
"409","338","1","2012-03-08 02:10:59","2014-11-26 22:16:02","2014-05-21 23:10:58","2018-02-01 18:48:20",
"410","65","2","2018-09-07 04:16:56","2013-11-29 17:09:33","2016-11-08 02:56:07","2012-10-13 21:08:43",
"411","156","3","2020-03-29 03:56:20","2014-06-25 07:52:52","2019-03-23 00:40:36","2014-05-18 21:55:11",
"412","430","1","2019-07-20 21:21:43","2013-03-20 06:53:19","2019-06-01 06:53:51","2011-05-12 00:47:02",
"413","645","2","2012-06-04 19:20:26","2018-04-21 04:54:25","2012-11-25 00:57:55","2011-09-15 22:44:10",
"414","486","3","2019-03-11 17:25:55","2017-02-19 11:33:59","2016-05-10 14:00:58","2016-02-03 01:32:45",
"415","521","1","2018-12-01 19:57:06","2012-05-27 15:29:01","2015-12-31 21:17:49","2014-08-25 00:14:12",
"416","144","2","2018-04-09 04:21:45","2013-04-14 15:28:13","2019-04-15 06:54:18","2010-12-07 21:26:58",
"417","860","3","2011-10-24 21:49:25","2015-11-13 12:34:34","2015-04-30 13:13:48","2014-08-27 08:17:11",
"418","945","1","2016-02-29 22:02:14","2011-06-13 00:47:44","2014-02-18 10:49:16","2018-09-15 16:44:44",
"419","72","2","2014-02-19 16:11:18","2017-11-15 12:17:14","2016-10-02 21:52:39","2015-09-16 03:52:37",
"420","562","3","2019-07-23 16:22:26","2012-06-21 05:08:19","2018-06-21 08:11:26","2019-04-18 20:25:59",
"421","706","1","2018-10-13 21:19:39","2012-03-16 11:26:59","2017-09-08 12:53:40","2011-08-31 13:19:56",
"422","725","2","2011-03-18 04:10:44","2019-12-09 16:32:28","2019-03-26 20:05:10","2015-10-24 02:35:44",
"423","625","3","2019-05-25 04:16:26","2015-12-20 04:04:29","2020-07-03 22:10:21","2016-04-21 18:51:39",
"424","360","1","2013-04-14 03:20:10","2014-05-11 05:09:03","2017-01-21 17:49:01","2011-04-12 17:33:51",
"425","189","2","2017-07-09 14:45:36","2014-01-18 08:28:48","2020-06-06 17:18:54","2011-10-15 23:44:40",
"426","102","3","2013-07-14 18:40:52","2017-01-21 16:49:50","2014-11-04 10:14:53","2019-07-20 04:07:52",
"427","311","1","2013-06-19 03:46:32","2015-08-06 10:13:19","2018-12-17 20:10:57","2014-04-22 12:27:22",
"428","517","2","2014-02-12 21:23:01","2014-03-29 07:52:16","2010-10-13 09:30:48","2020-05-04 17:50:28",
"429","808","3","2016-06-15 19:11:22","2013-03-24 22:20:38","2018-09-18 06:35:50","2014-12-01 01:13:06",
"430","837","1","2016-02-02 23:19:22","2017-08-12 22:59:20","2013-10-04 02:15:42","2013-10-29 19:20:46",
"431","109","2","2017-09-25 16:27:19","2020-06-09 15:23:24","2018-10-30 23:06:41","2012-10-16 10:40:13",
"432","270","3","2017-03-24 03:40:27","2018-05-15 05:26:58","2011-07-10 05:45:03","2012-10-21 20:40:50",
"433","622","1","2019-02-28 21:16:41","2013-11-08 03:45:18","2012-08-05 21:04:46","2018-07-28 21:07:12",
"434","701","2","2016-02-10 10:05:26","2018-05-21 07:27:12","2017-12-11 15:56:26","2014-09-23 08:34:46",
"435","10","3","2020-01-16 12:01:25","2010-09-13 12:45:33","2013-10-25 16:16:28","2017-06-24 07:35:19",
"436","647","1","2014-11-02 08:18:44","2012-01-15 16:44:32","2018-07-23 20:04:43","2014-01-07 17:59:52",
"437","325","2","2013-08-02 07:48:11","2017-07-25 15:27:24","2012-06-04 16:12:44","2015-10-06 03:04:04",
"438","896","3","2011-04-25 01:21:12","2014-01-29 04:18:09","2015-08-25 18:48:06","2016-06-18 11:49:13",
"439","346","1","2017-09-03 05:42:01","2020-02-16 06:36:18","2018-06-15 17:26:16","2012-09-30 12:44:26",
"440","988","2","2011-12-24 03:12:39","2015-10-18 05:03:54","2013-01-26 10:57:26","2015-06-19 06:57:23",
"441","182","3","2018-06-22 19:05:37","2019-06-09 16:47:07","2010-11-04 05:57:20","2014-06-30 04:35:04",
"442","544","1","2017-12-01 17:25:04","2018-09-27 14:28:01","2011-12-27 14:48:50","2015-07-28 01:21:22",
"443","105","2","2012-07-10 06:08:45","2012-05-20 13:07:28","2017-07-09 17:29:22","2015-08-02 18:03:26",
"444","510","3","2014-08-03 12:44:00","2012-02-24 23:40:38","2017-12-03 16:11:49","2016-11-30 22:35:32",
"445","976","1","2015-07-25 06:28:50","2012-11-29 07:09:38","2013-01-14 12:05:11","2015-03-18 17:27:45",
"446","709","2","2012-02-13 11:27:44","2018-01-23 23:59:14","2018-01-10 19:04:19","2016-08-29 02:39:40",
"447","293","3","2017-02-02 03:51:31","2019-03-17 15:51:29","2014-01-26 01:44:17","2014-06-21 01:24:18",
"448","623","1","2013-12-20 11:59:08","2013-09-29 15:04:26","2015-01-25 18:15:44","2013-10-10 23:49:38",
"449","93","2","2019-02-17 09:30:31","2011-04-20 14:27:48","2016-06-03 14:02:43","2015-07-21 03:21:13",
"450","529","3","2020-05-11 15:03:19","2012-02-20 18:27:11","2013-11-04 18:55:24","2010-12-08 23:18:27",
"451","698","1","2012-03-22 23:24:59","2012-06-22 16:01:35","2019-07-04 05:30:16","2011-09-27 17:20:15",
"452","33","2","2019-01-12 13:57:23","2013-10-23 02:32:25","2017-02-25 23:52:22","2019-03-14 03:47:11",
"453","2","3","2018-02-22 09:00:50","2017-08-26 10:24:58","2016-08-24 14:22:02","2018-12-04 07:21:57",
"454","542","1","2019-06-17 20:37:33","2019-04-02 07:55:19","2014-01-05 13:24:45","2013-02-13 17:13:05",
"455","642","2","2019-09-26 09:13:37","2019-02-23 05:00:20","2016-06-22 23:52:34","2018-10-17 05:22:03",
"456","687","3","2012-07-10 21:14:05","2015-08-28 18:10:21","2011-05-19 19:20:30","2012-01-06 07:45:04",
"457","99","1","2016-03-06 05:33:38","2019-09-14 14:21:26","2011-01-06 08:04:37","2014-04-05 05:38:59",
"458","48","2","2015-05-24 22:00:00","2014-09-16 10:16:55","2020-03-28 13:53:07","2016-04-28 21:40:51",
"459","261","3","2015-06-01 17:57:46","2017-10-26 21:18:46","2014-03-21 00:18:51","2012-02-28 00:03:34",
"460","867","1","2019-06-23 11:48:04","2014-08-20 05:41:53","2020-05-31 15:40:50","2015-01-02 04:27:33",
"461","353","2","2019-02-27 10:38:52","2011-12-17 21:46:32","2018-05-27 12:47:09","2019-07-02 11:04:36",
"462","731","3","2014-02-13 15:40:24","2020-01-23 11:45:35","2013-03-05 23:46:35","2015-11-04 19:19:44",
"463","919","1","2014-08-14 00:03:00","2013-06-01 22:43:20","2011-04-11 02:51:41","2016-01-23 00:21:36",
"464","256","2","2015-06-07 15:30:14","2010-10-20 05:35:55","2020-08-30 13:49:04","2015-05-02 02:54:47",
"465","290","3","2015-08-23 20:50:19","2015-11-13 05:47:21","2013-07-22 06:38:25","2016-05-02 09:34:08",
"466","875","1","2017-10-21 00:49:22","2019-04-11 20:56:15","2012-10-07 15:38:33","2012-05-03 23:42:06",
"467","784","2","2013-06-27 17:00:08","2011-06-15 16:33:43","2018-12-07 04:46:55","2016-07-15 06:42:20",
"468","893","3","2017-04-13 21:41:16","2012-12-22 09:43:20","2014-02-26 03:14:59","2014-07-15 07:52:18",
"469","523","1","2013-07-17 00:58:10","2019-03-21 14:39:40","2015-05-17 19:03:59","2014-09-22 04:20:39",
"470","150","2","2017-10-23 18:52:23","2019-08-24 21:34:54","2019-04-29 09:05:07","2015-02-18 02:38:59",
"471","289","3","2012-04-12 23:32:47","2012-06-28 22:15:17","2017-06-12 18:13:30","2013-04-05 20:08:50",
"472","962","1","2016-02-19 18:19:39","2017-10-04 10:05:35","2015-11-14 11:13:54","2020-06-10 18:07:58",
"473","207","2","2012-06-19 08:42:39","2013-05-09 17:12:04","2018-06-23 23:28:33","2020-03-13 04:04:43",
"474","468","3","2010-11-14 00:36:05","2019-02-28 04:38:28","2012-09-15 19:01:55","2019-03-10 11:36:11",
"475","256","1","2015-07-22 00:50:35","2019-02-05 05:31:39","2016-08-07 23:26:42","2018-10-17 09:19:17",
"476","478","2","2016-09-21 08:18:29","2013-11-23 04:50:49","2013-08-10 19:13:18","2011-02-11 21:11:11",
"477","739","3","2013-03-17 15:14:57","2017-08-31 05:54:38","2011-04-20 20:03:47","2015-06-28 05:36:59",
"478","238","1","2016-02-17 19:58:30","2017-05-06 04:17:30","2015-02-06 18:25:52","2018-07-30 06:03:19",
"479","687","2","2017-02-07 10:46:23","2011-03-31 21:54:00","2014-08-23 07:09:24","2014-07-06 02:04:18",
"480","763","3","2014-10-31 04:54:42","2018-11-01 04:54:48","2010-12-15 05:22:23","2014-08-08 07:47:01",
"481","949","1","2014-06-17 21:07:29","2019-06-04 23:27:31","2013-08-30 22:06:37","2017-11-21 12:16:03",
"482","699","2","2011-03-14 17:13:48","2018-01-19 14:23:23","2016-07-11 22:30:03","2012-01-13 04:13:50",
"483","395","3","2012-07-15 20:12:10","2014-05-20 22:34:16","2020-07-23 19:50:16","2018-02-19 18:12:27",
"484","573","1","2018-06-08 14:05:14","2017-09-28 04:22:23","2015-12-15 10:17:01","2016-03-28 15:29:22",
"485","329","2","2015-04-24 19:39:29","2011-05-12 13:14:27","2016-03-26 23:27:37","2013-06-02 09:14:52",
"486","449","3","2019-09-29 11:15:30","2016-07-31 16:52:17","2014-01-10 12:03:02","2013-04-22 19:28:10",
"487","825","1","2013-09-30 12:48:56","2012-12-30 03:25:49","2018-11-23 18:32:38","2011-09-18 04:57:07",
"488","279","2","2015-09-20 07:08:36","2012-11-22 02:58:01","2017-08-21 13:10:46","2011-11-25 02:50:18",
"489","604","3","2013-04-05 19:27:24","2015-07-05 11:01:50","2012-05-06 02:11:40","2018-12-21 18:17:29",
"490","777","1","2011-07-05 20:57:44","2012-09-07 15:59:13","2019-05-21 23:16:20","2015-01-13 08:43:55",
"491","848","2","2012-06-16 10:55:38","2012-01-22 07:49:55","2012-06-05 20:09:26","2015-04-28 02:06:40",
"492","365","3","2012-09-15 04:10:23","2018-12-11 06:06:25","2013-08-11 15:23:20","2015-11-22 19:35:09",
"493","182","1","2020-07-21 19:13:37","2020-01-20 00:27:48","2018-03-11 00:55:22","2018-08-12 03:12:29",
"494","914","2","2018-02-25 12:59:57","2011-10-11 07:54:30","2012-11-13 08:16:37","2016-03-17 21:50:21",
"495","499","3","2017-11-25 15:46:55","2013-11-01 21:25:29","2018-08-07 04:14:23","2011-09-19 15:40:02",
"496","679","1","2015-08-14 00:45:27","2012-01-25 16:30:04","2018-08-15 22:28:12","2011-09-20 11:51:55",
"497","317","2","2015-06-04 21:48:54","2019-07-04 03:02:52","2012-06-07 14:31:46","2017-09-25 07:43:14",
"498","449","3","2015-02-03 15:58:51","2014-05-05 05:31:53","2017-08-15 04:37:42","2013-01-08 19:02:05",
"499","108","1","2013-05-08 23:25:16","2018-07-20 17:43:14","2010-11-28 14:39:00","2013-11-24 14:01:20",
"500","151","2","2018-09-12 16:24:40","2011-07-03 10:43:41","2020-01-12 21:49:38","2016-10-15 07:04:23",
